x,y
-7.205531609298817,-0.06380705882681134
-7.325582799914886,0.02621779336321107
-7.405628215151664,0.08624282635964624
-7.4857074949135605,0.14629325394633155
-7.5658545037719005,0.20639447070884415
-7.646136970918034,0.2665972658815885
-7.726690354121859,0.3270032175697773
-7.807785570382805,0.3878154828911795
-7.889964451304552,0.44944037452104424
-7.974310663329145,0.5126905199911134
-8.062991536342157,0.5791911722614254
-8.174452796680773,0.6627746631196404
-8.278867381206528,0.7380865915158479
-8.389351087913974,0.8139487711477983
-8.49987909649487,0.8864076694779118
-8.610470554377669,0.9558175191665401
-8.721197883068784,1.0225189195733162
-8.832107130060868,1.0867941259684841
-8.946663375647953,1.1508084937831533
-9.113047399907382,1.2399141838992414
-9.223541621521933,1.295959688995339
-9.333746226854114,1.3518577625218557
-9.448318969526458,1.406843967345612
-9.559619763722601,1.460259965016961
-9.674905097635499,1.5129653393403582
-9.787280453313128,1.5643398719223947
-9.90333736192696,1.6152058838989567
-10.016825928360163,1.6649469879221264
-10.133721034054272,1.714351496617011
-10.24827740674563,1.762767889352098
-10.364960872437349,1.8105930958815153
-10.481547622810528,1.858378415685393
-10.599989039487726,1.9057141291235116
-10.717983429608696,1.9528664262247228
-10.895383595757593,2.022055414856929
-11.07166901509143,2.0908078327314716
-11.195453195574625,2.1380563018526173
-11.291997234141322,2.1749067656412424
-11.426832913107958,2.2298510539908736
-11.566747921613887,2.2797367748466035
-11.66756848731587,2.317919753112485
-11.78984473140899,2.3645724362425056
-11.91183353846003,2.4103674115714067
-12.026341903694327,2.4536935961839905
-12.146907217079383,2.499707432029348
-12.267864346478536,2.5458718530265227
-12.389739961598456,2.5923866160594002
-12.50503804830281,2.6363912423713285
-12.68303763633,2.7056762275759336
-12.86089410421081,2.774904722456958
-12.977242714588622,2.8211483536968185
-13.093530321714573,2.8673663927620825
-13.209429254221284,2.9143990084719373
-13.324854989743104,2.9612440507673288
-13.439635418971562,3.008961545881318
-13.553056154393937,3.056112191706295
-13.66597271552068,3.1043664590148867
-13.777529662797972,3.1520385907531945
-13.888356378444225,3.2008734284043876
-13.997718740186667,3.249063873639312
-14.10611898126477,3.2984779864772085
-14.213028242484247,3.3472123862413667
-14.318727140613479,3.39721215311665
-14.42286585088453,3.446474424123243
-14.525556022513367,3.4970404290464234
-14.62662105262497,3.5468068905089405
-14.72606564028662,3.597939054258036
-14.826250324615998,3.6494530580394464
-14.969695102335553,3.72624672466266
-15.060144534859246,3.7761571245746586
-15.151075033272674,3.827618980904741
-15.239934088409607,3.879228579980172
-15.326615927307774,3.9309454813248577
-15.411060983840478,3.9827389946480367
-15.493173708316727,4.0345599601954065
-15.572920688898082,4.086393237300515
-15.650239064725868,4.1381937209015405
-15.72504115183009,4.1898991824797145
-15.79728185028199,4.241469800286842
-15.866915205730821,4.292857927107846
-15.933878657917637,4.343994922311867
-15.998133759117513,4.3948298147248375
-16.05964770250244,4.445301172993875
-16.118378867990902,4.495336999597984
-16.174324575537348,4.544888794329487
-16.22746927365342,4.59388772266165
-16.27779404850286,4.642254334121797
-16.325327257235635,4.689947361111943
-16.37008929602727,4.736905448696595
-16.41209681303544,4.783060618356574
-16.451409855204684,4.828381916263717
-16.48808323338805,4.8728263273031285
-16.522178401771626,4.916356095752286
-16.553775060371365,4.958951784774713
-16.582996287983967,5.00065265850403
-16.609921644232276,5.041437641263045
-16.63466015713204,5.081337943822437
-16.657364699643722,5.1204616160302585
-16.67813698468149,5.158850057185634
-16.697102047350707,5.196602857848637
-16.71439425811194,5.233867024292576
-16.730139535275217,5.270808849820785
-16.744452897998595,5.3076166181277165
-16.75743928237783,5.34450966329105
-16.769170832103846,5.381679573238218
-16.77971651209396,5.419385065956974
-16.78913003881198,5.457926471289352
-16.79742521441054,5.497564017038966
-16.80459559860336,5.538588878053223
-16.810603314513283,5.5812678174967445
-16.815388250826125,5.62590434430492
-16.818863111386005,5.672790768549269
-16.820911627528233,5.722179772640029
-16.8213972752535,5.7743755200802696
-16.82016153784996,5.829567970214458
-16.817026620994593,5.887985089944944
-16.81180093245915,5.949853006953876
-16.804282978764174,6.015314630935035
-16.79426115024332,6.084540529112173
-16.78151822389352,6.15766127868005
-16.765836293510485,6.234784015992624
-16.746998576411738,6.315988486443518
-16.724788666500704,6.4013446301347585
-16.698995602177476,6.490900421265058
-16.669421282435746,6.584667103849879
-16.63586092089073,6.682677443596093
-16.59812245638543,6.7849474491668404
-16.55603514956417,6.891440737652155
-16.509423631084953,7.002148908558485
-16.458123306227133,7.117050183749397
-16.401975029496963,7.236126274962465
-16.34084059645343,7.359326851318145
-16.274587995841866,7.486602882226049
-16.216726421015338,7.5928655130730345
-16.157120687063294,7.680346958230936
-16.080696715234225,7.792512007299601
-16.004272742915795,7.90467705708649
-15.89793570903928,8.060744562546972
-15.81837460578946,8.234070095454763
-15.762232042805039,8.35637784651904
-15.72335870475294,8.420827835729098
-15.665798718883394,8.516254008545445
-15.608874434278714,8.612217071181773
-15.556069385649199,8.701230926365577
-15.502433576597467,8.791641879699599
-15.446785361974834,8.885449127811105
-15.391752533335936,8.979610410725956
-15.338691371253812,9.070402157594339
-15.286466522456209,9.159759602018502
-15.23105471573916,9.25457373854769
-15.176233528356798,9.349615104396452
-15.124544598513154,9.439229778792205
-15.071511042965863,9.531185855858148
-15.018477487418574,9.623141932924092
-14.965977489698059,9.715200439335613
-14.913477491977543,9.807258945747133
-14.861878926210107,9.897742957219359
-14.808375120422138,9.991560978699075
-14.731159671184313,10.12859403096032
-14.654068551898682,10.265402816986349
-14.578282583430173,10.399889726269668
-14.49926888716536,10.5401068838693
-14.4218469903835,10.67943506070525
-14.347608072426214,10.81303752974858
-14.27337501235948,10.946629456920316
-14.199141952596287,11.080221383545801
-14.124908892833165,11.21381331017115
-14.054627466388704,11.340294562823056
-13.97507815095345,11.48028047580838
-13.906628974297233,11.606301161635475
-13.823863813271373,11.748044895131306
-13.745222051557683,11.898593066270113
-13.682457107764675,12.01214440091013
-13.610001392596665,12.143228079985732
-13.537546158516232,12.274310888699887
-13.46916187413846,12.398023218956459
-13.391378222273612,12.53585194038578
-13.31793407952104,12.671569965558165
-13.228880321087107,12.831348191010001
-13.13407111262228,13.00145386110351
-13.039127075581046,13.171805049699099
-12.94726034042141,13.336641840573586
-12.879901222324317,13.45588212796486
-12.809441862754152,13.580617733626331
-12.738985845458766,13.705347422600433
-12.671689221447627,13.824485051460686
-12.581588938871974,13.981840188613756
-12.491499790014032,14.13917824260346
-12.40188097867186,14.293574338986794
-12.312818275059982,14.447021212128698
-12.224390512007117,14.596973018830743
-12.136256652525303,14.746426564493964
-12.048715130210745,14.892184458472599
-11.96188649272541,15.03674986532638
-11.875438216186076,15.17769148414274
-11.789755396045596,15.317385315705407
-11.70444540637603,15.45321315804848
-11.619986110335898,15.587684581172013
-11.535881023623425,15.718069707775914
-11.452720281891068,15.846993307987406
-11.36989003238768,15.971632063577486
-11.286846235324871,16.096592759958792
-11.226869761277133,16.184288555631294
-11.16507787836539,16.274637474202592
-11.086353522559886,16.38721656228992
-11.007145452544096,16.498372516474625
-10.928822316033095,16.60613382189948
-10.851447780818791,16.71039431358509
-10.775056513896416,16.811092891383222
-10.699717070387363,16.90814834789918
-10.625530935242221,17.001433277224418
-10.552552398760119,17.090887993787717
-10.48087654185499,17.176428475103123
-10.4106250470379,17.257940440285232
-10.341867994602275,17.3353848731585
-10.274735879641963,17.408677778173555
-10.209375958744983,17.47772478696356
-10.145895888692795,17.542497954073173
-10.084465691745947,17.602924123677415
-10.02523731618896,17.658969447106724
-9.96838029236847,17.710609446477726
-9.914095663355686,17.757814810275363
-9.862537046442501,17.800622857309147
-9.813897744646068,17.83906985079825
-9.768425217843465,17.8731763276361
-9.726305255523641,17.90304077008447
-9.687687440133775,17.928818426306467
-9.652811679044904,17.95063338756505
-9.621840125528145,17.968688444811107
-9.594879899903507,17.98324600243955
-9.572060821097049,17.99457633854608
-9.553465877709721,18.002993517102116
-9.541326948471408,17.998713373657992
-9.51857077313384,17.98769113814282
-9.490687566742201,17.972838186779953
-9.457674771937002,17.953657487677678
-9.419585278286364,17.92968693108501
-9.376573016974621,17.900542622232308
-9.328759298402652,17.865836159051636
-9.27631032942661,17.825239413826605
-9.219444250498901,17.778486892966114
-9.158350155875507,17.72532512274032
-9.093254775855351,17.66556116734061
-9.024357770147166,17.59901410081901
-8.951859974563822,17.52553132492772
-8.875965074661963,17.444998430836023
-8.796856930258992,17.35730661767425
-8.714710597879712,17.262368342984573
-8.629690962132118,17.16011052557519
-8.541957071383763,17.05048029110196
-8.451658668862766,16.933432654785072
-8.358911394467754,16.808901392175166
-8.263843434678561,16.676864839858922
-8.215435694628214,16.60740732549983
-8.166568055870037,16.537288806001534
-8.117081204525313,16.464019192146687
-8.067179703881873,16.39013642057751
-8.01667491086625,16.313060778669737
-7.965774901233144,16.235381658618625
-7.914276374294742,16.154462884549066
-7.86242763967439,16.072992990362582
-7.809992181832179,15.98824349670022
-7.757227485490086,15.902960968532554
-7.703887422647859,15.814365990906058
-7.650232068186212,15.72524350600562
-7.595998071992976,15.632758240635404
-7.541499336036831,15.539818660443302
-7.48643143406892,15.443479039698174
-7.431095768333002,15.346669696259317
-7.383779688253049,15.261818778765983
-7.34609162707849,15.179096873638589
-7.328990377470458,15.141561158946985
-7.323427289065831,15.104616572346641
-7.307446760295417,14.998489557045161
-7.289801482532878,14.881288208614425
-7.2715658000738665,14.766693085648361
-7.254764580260254,14.66111672937568
-7.237964293317838,14.55554623562989
-7.219593860017385,14.440098579445163
-7.201120211670984,14.330455588102497
-7.1843146575554355,14.230703766214736
-7.1675065741679465,14.13093693192578
-7.148867230876031,14.020299753150876
-7.13090081696176,13.919814086142162
-7.113286804811271,13.821304304459234
-7.095638607926935,13.72259980007824
-7.07750149790675,13.621160336737056
-7.0415519148263055,13.432229254835443
-7.005348837349988,13.24196401379874
-6.968946159609199,13.062718198988458
-6.932226645860788,12.881908721720126
-6.895255356835985,12.711914879298217
-6.857890235947641,12.540107001473036
-6.820212154380249,12.378917455267443
-6.782031864559877,12.215577014932162
-6.7434712876946765,12.062726403762188
-6.704975817328416,11.910130509263617
-6.674657491398121,11.798134779824423
-6.645194413996843,11.689298097524453
-6.603489565940199,11.543169868904164
-6.561757674703282,11.40320883801682
-6.5190390913312095,11.266288159839059
-6.475179327828191,11.132162575877215
-6.42999882162221,11.000577540733495
-6.38328691588332,10.871254969216784
-6.334780798211933,10.743873153191771
-6.284178938457232,10.618112496348314
-6.23110535024345,10.493596512017346
-6.175110413556971,10.36993238375882
-6.115648567923532,10.246696345177883
-6.0520503202644855,10.123432856219766
-5.983504975297203,9.999680165156622
-5.909025120785647,9.874979485351
-5.827430689665984,9.748932897663176
-5.737275194502389,9.621180896380105
-5.636833329623879,9.49152739402795
-5.524105227717014,9.360050081569499
-5.396807259924684,9.227220863796585
-5.252516792865863,9.094149171262652
-5.17076557126745,9.028520614785036
-5.088726537447272,8.962661017874783
-4.996459736828652,8.899466333810478
-4.903264699376318,8.835635884477504
-4.799684074896731,8.77672344538977
-4.6948268983496515,8.71708492717502
-4.579900798069996,8.664876520806988
-4.463466277864752,8.611982866074488
-4.3381373077668135,8.56918508377743
-4.211297468713115,8.525871360279487
-4.077654262591844,8.495083787163635
-3.9428562221024266,8.464030165041603
-3.8040526660676495,8.447237290452891
-3.664868685119493,8.43039838223821
-3.52488715870745,8.428538918981209
-3.3853774947008315,8.426685700397494
-3.248382064370451,8.439392356063271
-3.1126870201480425,8.451978380404727
-2.982440525792425,8.477640734591585
-2.8537964291782028,8.502987383788454
-2.732917156156302,8.539211583824144
-2.6136677373690773,8.574947383645894
-2.5036404542808044,8.61901930687494
-2.394981161488684,8.66254327087699
-2.296302089032632,8.711859370984538
-2.1982987479052007,8.76083778329145
-2.1105178902086847,8.813264136648169
-2.0227370325121687,8.865690490004889
-1.866512465635484,8.97396140387827
-1.7274555163569743,9.083416575809425
-1.6032694826390586,9.192636568568735
-1.4918083119424552,9.30077158041484
-1.3911166452819215,9.407413103469986
-1.2995217516011517,9.512414883886434
-1.2155864835462766,9.615813006468223
-1.1380742418785124,9.717798334510748
-1.0660018810719019,9.818548016320838
-0.9985188030632905,9.918307721218785
-0.9317345652131506,10.022292350729655
-0.8431397511021924,10.168736953724459
-0.7893451314440261,10.26464453302404
-0.7356703046228223,10.36033848685888
-0.6839738783730197,10.459857705396782
-0.6330534390264083,10.55788296996782
-0.5843020143052953,10.658337687680499
-0.5362345294354489,10.757382993411982
-0.48968232589658683,10.859299063460888
-0.443796697226444,10.959755382418907
-0.39893483446657185,11.06344982829976
-0.35471234602142054,11.165665724035476
-0.31112202317143395,11.271452410358275
-0.2682182755905306,11.375573936339137
-0.22561118876907443,11.483611186589622
-0.1837368693583376,11.589794317462465
-0.14196696474552417,11.699979231946731
-0.1008289033995078,11.808501239677888
-0.05996767676505371,11.920208936731159
-0.01915601848589933,12.031779903351003
0.021420144564796642,12.146321166999133
0.06155398250670749,12.259623013426861
0.10172361478003682,12.376353328297721
0.14149972629833266,12.491943248969724
0.18134913107532838,12.610788219425718
0.2208638838494774,12.728645753135567
0.26046433269859126,12.849529128682782
0.2997777117707713,12.96953563686221
0.33925856775091084,13.092587493982
0.3787623952594315,13.215712715918285
0.4372355408504569,13.402108085023944
0.4959811169473663,13.589377743729722
0.5361652261627226,13.72081869999855
0.5740147414084088,13.8446305643612
0.6127560236877841,13.9713469538963
0.6516795210585269,14.098661385081195
0.690879427876396,14.229776059118233
0.7299012564012894,14.360297180759746
0.7685020764610013,14.489395361897575
0.8076403026653172,14.62028256803004
0.8470823418988993,14.754207536757582
0.886005372355058,14.886361912403464
0.9245627216648522,15.017267937703787
0.9318278320623086,15.041935196496595
0.9648167973589036,15.119312749033364
1.018729406375273,15.24576795414278
1.0411368052050638,15.38020193834718
1.0547081297741836,15.461623566676101
1.080586010572245,15.550160972623424
1.1110403878009782,15.65307100227796
1.1409719758831436,15.756761558919647
1.1661719671424657,15.843140787809384
1.2179186675810536,15.98380797160536
1.2884675388508384,16.136926193852627
1.3068435812859152,16.235497217841257
1.325219623720992,16.33406824182989
1.3523735086125168,16.479724536341585
1.3654433921062576,16.52439180956967
1.4135333289483447,16.6617469002898
1.4318416702253445,16.73928813425277
1.4894300127749547,16.887771936813817
1.5103169934101652,16.98726454793418
1.5312039740453756,17.086757159054542
1.5608477494664992,17.186804748724278
1.5926636558159404,17.29418394417039
1.6323990727980895,17.4260092130065
1.6722711137965263,17.55828840770569
1.7128144083344259,17.692803584176243
1.7513001351960071,17.820484580864747
1.7901929775136902,17.946566317054216
1.8311714621305308,18.079401444925182
1.872159632697177,18.212267971765808
1.910793710418947,18.337506189114162
1.9394135910643318,18.42794334120695
1.9704601690539385,18.52605142730329
2.0010806302671473,18.622817944351226
2.030473348752931,18.715710637665435
2.070093837778606,18.838252064163076
2.1090630777836794,18.958773568733267
2.1512070247306383,19.081773517390296
2.190240606194738,19.20514594750413
2.2293550364608103,19.321385584867038
2.2691105053587974,19.439535391129223
2.308989482368851,19.55537057915867
2.348605707517193,19.670451148367924
2.388399742827396,19.783212306153885
2.4278880420827313,19.89510450408812
2.4675466707265628,20.004508012049413
2.493715614449881,19.874273686741457
2.469222013570874,19.945393305617692
2.52209981688055,19.773050304627542
2.5755310694748275,19.594270739743017
2.60245211990038,19.501852446881788
2.629476621763317,19.40907380269288
2.683931955845031,19.21743813648045
2.7113475380018683,19.118559500925652
2.7388479248580104,19.019372015062366
2.76650209446221,18.91723169236822
2.793795399251461,18.816422565385146
2.836062453286344,18.655669216141796
2.87770676391395,18.497287932663028
2.9048737533925615,18.389806022626107
2.9346103551173517,18.272153845688145
2.9643500615325324,18.15448938530162
2.9913602502923395,18.047630714065864
3.018692445094006,17.934679884760033
3.0486557214542658,17.81086352042348
3.07861505706025,17.687063440709366
3.1061478893226195,17.573286740779437
3.1340008641873354,17.453283957564178
3.164185031277086,17.32323333504314
3.1943689977913574,17.193183576737056
3.2223927149509497,17.072453107679646
3.2507133682841887,16.94541294256646
3.281127434713997,16.80899526726312
3.311537044495841,16.67259758218981
3.340009038552211,16.54488557569459
3.3687843528399166,16.410722475688072
3.3994160981058488,16.26789811599081
3.4300520684601308,16.12505405684878
3.4589524612108176,15.99031347629841
3.488134331420729,15.849055705278714
3.519010141105749,15.699610483509613
3.5493985149337988,15.552538266688178
3.579568323439563,15.4065224874237
3.6167089568787527,15.221791951267413
3.6539530304739802,15.036536126431145
3.6917259225106736,14.848668909272167
3.7234193327632834,14.69103859677723
3.755112742950642,14.533408284606818
3.7868061531380004,14.375777972436406
3.816979885544362,14.225705928148273
3.8471536179301893,14.07563388396227
3.8773273503160173,13.925561839776265
3.9071211632570675,13.777379362559854
3.9369149761922633,13.62919688537257
3.9667087891274586,13.481014408185287
3.996407622201539,13.333304322740442
4.026106455274005,13.185594237303622
4.055805288346471,13.037884151866802
4.085480376453671,12.890292164365652
4.115155464560435,12.742700176866675
4.144830552667199,12.595108189367698
4.174499704532645,12.44754572635268
4.2041688563979775,12.299983263338225
4.23383800826331,12.152420800323776
4.2635056760683225,12.004865718430292
4.2931733438732955,11.857310636537
4.322841011678268,11.709755554643705
4.35250830846815,11.562202318030685
4.382175605258032,11.41464908141767
4.4118429020479155,11.267095844804652
4.441510106084037,11.119543069511684
4.471177310120146,10.971990294218767
4.500844514156257,10.824437518925834
4.5305116950039235,10.676884858962921
4.56017887585159,10.52933219900001
4.5898460566992565,10.381779539037097
4.619513231749813,10.23422690790669
4.649180406800368,10.086674276776282
4.678847581850923,9.939121645645875
4.708514755452201,9.791569021723593
4.73818192905348,9.64401639780131
4.7678491026547585,9.496463773879029
4.7975162758937175,9.348911151758779
4.827183449132677,9.20135852963853
4.856850622371636,9.053805907518278
4.886517795520014,8.906253285848535
4.916184968668393,8.758700664178793
4.945852141816771,8.61114804250905
4.975519314942504,8.463595420951936
5.0051864880682375,8.316042799394822
5.034853661193971,8.168490177837707
5.064520834314043,8.020937556308748
5.094188007434115,7.873384934779793
5.1238551805541865,7.725832313250837
5.153522353672844,7.578279691728917
5.1831895267915,7.430727070206998
5.212856699910156,7.283174448685078
5.242523873028459,7.135621827164918
5.272191046146762,6.9880692056447575
5.301858219265065,6.8405165841246
5.33152539238328,6.692963962604881
5.361192565501492,6.5454113410851615
5.3908597386197075,6.397858719565441
5.4205269117379,6.250306098045832
5.45019408485609,6.102753476526224
5.479861257974284,5.955200855006612
5.509528431092471,5.80764823348703
5.539195604210658,5.6600956119674475
5.568862777328845,5.512542990447866
5.5985299504470305,5.364990368928291
5.628197123565215,5.217437747408716
5.6578642966834005,5.06988512588914
5.687531469801586,4.922332504369566
5.722941278812835,5.068613271061261
5.758351087824083,5.214894037752956
5.793760896835332,5.3611748044446506
5.829170705846581,5.5074555711363455
5.86458051485783,5.653736337828044
5.899990323869081,5.800017104519742
5.93540013288033,5.946297871211442
5.970809941891584,6.092578637903158
6.006219750902838,6.238859404594875
6.041629559914092,6.385140171286591
6.077039368925363,6.5314209379783765
6.112449177936633,6.677701704670162
6.147858986947904,6.823982471361948
6.183268795959242,6.9702632380540095
6.218678604970579,7.116544004746071
6.254088413981917,7.2628247714381295
6.289498222993522,7.409105538131301
6.324908032005127,7.555386304824468
6.360317841016733,7.701667071517637
6.395727650029409,7.8479478382152275
6.431137459042085,7.994228604912818
6.466547268054761,8.14050937161041
6.50195707707172,8.286790138325692
6.537366886088678,8.433070905040976
6.572776695105637,8.57935167175626
6.608186504139727,8.725632438542316
6.643596313173816,8.87191320532837
6.679006122207906,9.018193972114425
6.71441593131052,9.16447473918356
6.749825740413134,9.310755506252699
6.785235549515749,9.457036273321837
6.820645358892463,9.603317041523304
6.856055168269178,9.749597809724772
6.891464977645893,9.89587857792624
6.92687478811901,10.04215935065703
6.9622845985921265,10.188440123387823
6.997694409065243,10.334720896118615
7.033104223923967,10.481001686966703
7.068514038782691,10.627282477814791
7.103923853641415,10.77356326866288
7.139333686042567,10.919844131980149
7.174743518443719,11.066124995297418
7.210153350844871,11.212405858614689
7.245563253415742,11.358687011808724
7.2809731559866,11.504968165002701
7.316383058557465,11.651249318196701
7.351793241807183,11.797531630897607
7.387203425056901,11.943813943598514
7.4226136083066185,12.09009625629942
7.458024914271766,12.236383207028064
7.493436220236873,12.382670157756548
7.528847526201981,12.528957108485033
7.564263323028796,12.67526261132439
7.599679119855468,12.821568114163131
7.635094916682141,12.967873617001887
7.6705286769555645,13.11425332828362
7.705962437228461,13.260633039563178
7.741396197501356,13.407012750842728
7.776901811560973,13.553689295892577
7.81240742561867,13.700365840934493
7.8479130396763646,13.8470423859764
7.883706068879839,13.994906266093455
7.919499098076317,14.142770146181608
7.955292127272792,14.290634026269748
7.992234817047795,14.44324724663431
8.029177506798122,14.595860466896939
8.066120196548448,14.748473687159567
8.10766152858841,14.920084268408655
8.148523945761344,15.08887739295356
8.1891758680184,15.256794095779886
8.217709467348843,15.37162763049084
8.246900330444854,15.489093090184284
8.276568687955956,15.608470430897738
8.303939101259445,15.718603483367014
8.330843490841158,15.82298045755361
8.360125961224952,15.936585437594744
8.389410094286294,16.050196868396164
8.416121981045453,16.15382764348747
8.442362247540423,16.251823202367728
8.471274154395449,16.35979473339326
8.500183317785833,16.467756019163666
8.526206916199044,16.564946762389788
8.551754405074908,16.656618953686745
8.580296411862953,16.759042413835544
8.608837023940225,16.861460869112904
8.634129051470719,16.95222753434563
8.65892978957037,17.037578824323226
8.68711300398414,17.134577176891884
8.715291623404568,17.231559715104687
8.739800077746906,17.315908176270618
8.791621661290455,17.48661683445597
8.843104592891223,17.656207628144372
8.893707523038834,17.8154039509763
8.94390378650653,17.973318194915002
8.993214975151108,18.12111963394979
9.042752797891843,18.26959687545949
9.142949204495297,18.211408093992446
9.178614840812395,18.166372551451555
9.17561965937512,18.171318890599377
9.243643208306372,18.058985658408464
9.312323898015133,17.948221419074553
9.380555810500363,17.838185049445997
9.476115807053413,17.687384369669438
9.573567405960205,17.536935340062342
9.6742688296266,17.38548531079119
9.778647737537526,17.233215954303578
9.883842022025473,17.085069351850834
9.946574467453733,16.999297902834126
10.001759449350953,16.92626966907391
10.102851184220002,16.801326176644487
10.221073971046982,16.668553422432048
10.349624288629672,16.5381627689255
10.489354690877475,16.411085080350222
10.640889980632828,16.288603926493842
10.722694124380382,16.230467646116907
10.804498268127938,16.172331365739968
10.892309882948975,16.118190886486047
10.98012149777001,16.064050407232124
11.073580304761292,16.01492399581557
11.16715728727031,15.965735463809775
11.265618364630582,15.92262001987707
11.364261792486092,15.87942472182009
11.46686932758572,15.843181935023154
11.569600932087843,15.806895324966597
11.675165443075619,15.778244454758749
11.780767268657064,15.749583449868519
11.887865105285666,15.728973123377822
11.994918399705524,15.708371373884274
12.10210113575961,15.695917924759003
12.209154670725134,15.683479482262667
12.314944680791891,15.678978624939775
12.420631486209707,15.674482157768336
12.523725393207247,15.677428114293967
12.626819300204787,15.6803740708196
12.751682072109642,15.71456355605184
12.75011695560397,15.700595763604461
12.729151464608378,15.552265452100656
12.715192760040344,15.396829363922361
12.701893715983186,15.27930511450059
12.687588912100143,15.140455428846623
12.672894705485598,14.997807476339228
12.66030092111483,14.856939578852039
12.647695177271684,14.715943897645865
12.63716007038727,14.576772993883559
12.626614160681365,14.43746078920288
12.618103947838353,14.299968809648966
12.609586540368179,14.162342326460214
12.603066769276925,14.02652759035009
12.596541339808883,13.890581683436862
12.5919793807101,13.756423440617453
12.587412050427153,13.622155527135227
12.58477366859828,13.489645361641788
12.582130389132637,13.357053019669978
12.581380450610466,13.226192859043193
12.580629194357805,13.09526090684347
12.581728972632325,12.966063853083115
12.582829912961884,12.836779517114227
12.585746580666648,12.709224991319404
12.588663322142526,12.581597477790963
12.593360250801293,12.455669258659633
12.598058112924965,12.329696153616421
12.604495088975964,12.20542211229979
12.610936362897377,12.081076477587107
12.61907759494567,11.958426738261855
12.62722271547551,11.83573452912479
12.637028080557632,11.714722713849294
12.646838231045887,11.593671615574417
12.658267200757741,11.474297938450592
12.669702723049188,11.35487097997937
12.682719422552617,11.23710751783859
12.69573639321526,11.119338309841163
12.710297609285462,11.003200339695551
12.724855451077767,10.887080334685557
12.740917015035425,10.772570155970284
12.756977756762037,10.658069140310534
12.774498493663872,10.545179276918295
12.792013587780655,10.432327263763852
12.81094777946573,10.321070424218039
12.8298739467689,10.209852086154116
12.850179241611444,10.10021748877255
12.870473942380757,9.990639634022374
12.892095905261796,9.882650111147747
12.913713508306719,9.774686590615719
12.936616113907846,9.668310959756296
12.959507068019828,9.561986361352746
12.983636511245733,9.457247738510155
13.007752520349689,9.352564636395511
13.033056603179249,9.24946394455563
13.058353592888453,9.146395576831429
13.084789225562671,9.04491761563287
13.111215633029857,8.943477905094085
13.13872700782944,8.84363935602089
13.166229716730259,8.743830833549826
13.194767630126345,8.64562071629616
13.223299302242479,8.547431345299062
13.252811233342328,8.450851790925052
13.28232072693588,8.354280351420979
13.343186520898367,8.164372689107303
13.405788334168204,7.977715363396458
13.47001918417193,7.794293698668357
13.535768054825509,7.614107288730433
13.602921608631577,7.4371444242914055
13.671376650973114,7.263386475931445
13.741013240311915,7.0928372659642624
13.811717092226282,6.92549211042022
13.88337037393885,6.761332463638277
13.95586894013979,6.600325077175631
14.029088484694755,6.442496561408217
14.102911181073967,6.2878004073526395
14.177229797289067,6.136234951217976
14.253144819815887,5.985341760817134
14.308291204596332,5.879009343200876
14.365411811931958,5.768871243523109
14.439565550062333,5.631385302119011
14.51417499311022,5.493057534012962
14.589356986965688,5.359185220191068
14.663613439475283,5.226962977522706
14.738033160890122,5.09908170796301
14.811407163022473,4.972998977124931
14.884565274252289,4.851085662061194
14.956571816517293,4.731092846121809
15.02801044425564,4.615066227669553
15.09919406781714,4.499453867280403
15.200796075582796,4.338423541110303
15.301147087350385,4.179374015020129
15.35559080002699,4.094753707623056
15.409795092692049,4.010505838929341
15.513169286437483,3.8498334426497176
15.616547366960202,3.6891550052672426
15.702380411322029,3.5557482568876186
15.708356585201829,3.4610829748097696
15.667552670717726,3.4432890366738804
15.555651249811662,3.396138136527856
15.436323848624072,3.3474809765202234
15.309570988316425,3.297380204116037
15.175436647465315,3.245908716307581
15.033946139224934,3.193123626654383
14.88511588854614,3.139062847733942
14.728938023330544,3.0837583443094343
14.563551924475101,3.0265849756006764
14.481946204718737,2.998860387625164
14.309954811641315,2.9412445378716656
14.135692518559386,2.884320428928933
13.96399892988171,2.828237051972781
13.795481606071826,2.775046461988671
13.626803026568286,2.721803738573154
13.461268940050084,2.6713385359181254
13.29557876056835,2.62082417672757
13.133053839766546,2.5729898938155213
12.970349684103423,2.5251027077566492
12.810832166393904,2.479795744668536
12.651117394584135,2.434430512724543
12.494537403545607,2.391531524817354
12.337914459744743,2.348619651314248
12.184455709107077,2.308081357967091
12.030729744620691,2.2674721174694614
11.880171286574685,2.229128281286441
11.72958333597627,2.1907762289488284
11.582160790466357,2.1545913693717686
11.434488914510489,2.118348705348983
11.290084877076595,2.0841935143233945
11.14543883123248,2.049981732330858
11.004100580419147,2.0177732223643607
10.86243731410369,1.985491602455083
10.72411360423175,1.9551128122963415
10.585482323320749,1.924668517139623
10.450222489429176,1.8960389175841743
10.31455958075435,1.867321398981854
10.182110275417994,1.840288044752071
10.04966097008164,1.813254690522288
9.920216664343604,1.787763995624589
9.790772358605569,1.76227330072689
9.664318691260409,1.7382248953918964
9.53786502391525,1.7141764900569025
9.414671733990986,1.6915269319374064
9.292374342660828,1.669039943480864
9.111616217712,1.637096841567108
8.932426595756567,1.6054289765251826
8.822109012857732,1.5868834931056675
8.702713896381876,1.5668102005293878
8.583332253372218,1.5467391730766191
8.471952382553866,1.5280137665289675
8.367706970171882,1.5112768431726311
8.25540190380669,1.4932462723911128
8.144817844590083,1.4754903564377133
8.036203230064048,1.4580502829934927
7.886575487777051,1.4347849653282934
7.737438497678749,1.4115999089605582
7.576320373935633,1.3877766647326837
7.420622640147437,1.3623982090690483
7.279452718180379,1.3414199679934316
7.134398463765711,1.3173730093075524
7.001525453789629,1.2964990371095086
6.853228670238333,1.2732034764851938
6.6762121002325205,1.2436055541776572
6.495421944044823,1.2133786129955406
6.3660034260441325,1.1899616015604
6.23622902830458,1.1664793552478863
6.06218959729859,1.1325265087466263
5.891985519461982,1.0968380512738363
5.721909452169182,1.0581059373631168
5.550709251144241,1.0153214267605826
5.3768633693385715,0.9671420294981132
5.19860163050617,0.9117710450138492
5.0138820462693205,0.8467616748346776
4.9211341898676455,0.809353365339466
4.8283863334659705,0.7719450558442543
4.678734449349498,0.7032595949026503
4.56633388856242,0.6463257636936913
4.458301893411101,0.5868668914299375
4.3470614038937745,0.520076047911279
4.23274930339894,0.4448711326669752
4.115728556745277,0.3601056564986751
3.996605247879054,0.26457981256211693
3.876350447941155,0.15715450950803772
3.7563237560617604,0.0368482876497494
3.638308057192864,-0.09701313266940144
3.52445031150885,-0.2446509750979497
3.417169908003269,-0.40568996672970886
3.319014937443186,-0.5789802441486999
3.2756939047181444,-0.6708082857613188
3.2323728719931024,-0.7626363273739377
3.1958079877894123,-0.858358052999545
3.1592431035857222,-0.9540797786251524
3.1301195743053163,-1.0521578516250192
3.1009960450249103,-1.1502359246248859
3.079617710588809,-1.2490250750792444
3.0582393761527076,-1.347814225533603
3.030780849982684,-1.5436453700603157
3.0177414867316017,-1.7349633508876645
3.0177322262160495,-1.9195581683194085
3.029069400772567,-2.0958661131535696
3.0499652691085397,-2.2629435317344693
3.078699242377839,-2.4204601804792047
3.1137089455795053,-2.568455507646893
3.15364194076472,-2.7073080687900792
3.197411031716019,-2.837681567877431
3.2441274059755036,-2.96026157436366
3.2931094003201338,-3.075826040529081
3.3438644337728824,-3.1851798813666714
3.3994422274778295,-3.2958767993072495
3.47889026240313,-3.4412886036440833
3.532230552551765,-3.5297476074671743
3.5855370769060957,-3.618150600663577
3.6425975175156617,-3.7045103485838107
3.6994764367182698,-3.79059539597673
3.7581824509672614,-3.8730780016178254
3.816888465216253,-3.955560607258921
3.877531013632164,-4.035693182516244
3.9381735620480747,-4.115825757773567
4.001001025626342,-4.194709370277561
4.063828489204609,-4.273592982781555
4.1292105170394535,-4.352237297180654
4.1943913819815,-4.430639662798922
4.261254802642233,-4.508206387697665
4.327711989777411,-4.58530214735504
4.404054169565929,-4.671808850416485
4.460327373281057,-4.734168610872263
4.563568369007712,-4.843474189630217
4.675663625419814,-4.955118128972062
4.790510127123878,-5.062667433095493
4.907932577050955,-5.166000554919913
5.02774548162771,-5.26501186932591
5.149738806606541,-5.359605107113601
5.2736882785482475,-5.4497015388526
5.399363130327594,-5.535245506675011
5.526521873638668,-5.616198661186296
5.654914129062061,-5.6925436240284135
5.784296017374567,-5.7642890259542625
5.9144105428346725,-5.8314573801123855
6.045025224913762,-5.894105139005715
6.175907322350698,-5.952300781859404
6.306819629482098,-6.006128697278775
6.437563073347385,-6.055700374168369
6.567931208755054,-6.101132137628781
6.6977413962082855,-6.142559964165385
6.8268302876876765,-6.180127592194434
6.955043878719976,-6.213986998147229
7.082241935416554,-6.244295582263913
7.20830159462876,-6.2712163271573615
7.333122019840133,-6.2949147827282586
7.4566082261719755,-6.315557371678332
7.57867877459062,-6.333307899351642
7.699263909473458,-6.348330679291296
7.823533040315897,-6.361334278258291
7.998332881026215,-6.375482572875456
8.10950295479333,-6.381031267534918
8.117425852154863,-6.381907395266463
8.114668811339858,-6.386656961439298
8.091127250628297,-6.501192690198005
8.070868108388744,-6.599758612422599
8.04949868326723,-6.703726346429264
8.029100169170983,-6.802970350117655
8.006232897565383,-6.914213339656085
7.972277669442142,-7.0846461415089195
7.937926687703223,-7.257055343068751
7.904893705056645,-7.429972200373601
7.871909155545538,-7.60264689226714
7.840218713888747,-7.7757131745990025
7.808575170649642,-7.948548230482081
7.778196793711503,-8.121716440327658
7.747853878388195,-8.294671978608973
7.718752351990579,-8.467943088298254
7.689695779544919,-8.640944271908728
7.661840459858638,-8.81419235481594
7.634018729088137,-8.987262010583123
7.607376148534154,-9.160498027052482
7.580766585111137,-9.33352998847203
7.555309676055708,-9.506679101164227
7.529870225961169,-9.679662860274078
7.505578261176884,-9.852612705623542
7.4812862963926,-10.025562550973008
7.458098904395428,-10.198438411361503
7.434934402548549,-10.371132877683728
7.4128319105285225,-10.543814498724654
7.390752887324632,-10.716288844840266
7.369717369855185,-10.888648408663503
7.348688177594407,-11.060952229309429
7.3286800526557165,-11.233010106389262
7.308683819797045,-11.405000218786071
7.289674234741491,-11.576684957515464
7.2706664124796445,-11.74835465797448
7.252619542407115,-11.919710611345893
7.234589982678891,-12.090881082330593
7.217484908980782,-12.261742746852098
7.200386129519746,-12.432558372876455
7.184186838507721,-12.602913134332177
7.167986016071263,-12.773240008122643
7.1526706188222455,-12.94305791256075
7.137355655358743,-13.112846496718792
7.122884942018826,-13.282151551623265
7.109563034255742,-13.43799881115152
7.086746746249272,-13.619312286114441
7.080120994147861,-13.80175603789004
7.068279237229364,-13.956444588963251
7.055348066138241,-14.12539910902368
7.046251108289223,-14.252974726269187
7.037562964698859,-14.374837276713118
7.028703882454111,-14.499124846025152
7.019650173328117,-14.62615066762402
7.008780268558435,-14.795052510899694
6.998400743521204,-14.95640149079377
6.988023111834667,-15.11772104399831
6.977128813953716,-15.287143124210617
6.967566298628276,-15.455057784007078
6.958465896058799,-15.614934217778588
6.9493674204888265,-15.774776803735099
6.939843558017088,-15.94208878777112
6.931545123678707,-16.107728176752804
6.923622565402139,-16.265860796006436
6.915699134932069,-16.424010825906052
6.907429848080992,-16.58899842072408
6.900277746271133,-16.75212788070432
6.893425463647747,-16.908347009996
6.886571626632368,-17.064601584557966
6.879445184635666,-17.22707326906965
6.873318579716754,-17.387467673200202
6.867431072409264,-17.54160493909793
6.861542823077688,-17.69576163571639
6.855438999686011,-17.855499561394062
6.850228159038281,-18.01293973339045
6.845199916161413,-18.164793245759427
6.840171602435381,-18.316648898864816
6.834980811482714,-18.47344167412199
6.830756929087453,-18.621003985188697
6.819292701506896,-18.77681509267274
6.82178268149736,-18.934863916720193
6.81763785242872,-19.080092394681206
6.813941830031434,-19.229258614161747
6.810268823368101,-19.377670860490134
6.806591980126974,-19.526111482777328
6.803549665855223,-19.648958103210248
6.776513099660744,-19.784800719967194
6.797307918964283,-19.91651636407306
6.793625085024223,-20.001404589106393
6.7938641653435905,-20.11205700984475
6.7917127223409395,-20.2158451680421
6.789468317542925,-20.324025222090594
6.787206042511178,-20.432885427126553
6.784943767479431,-20.541745632162513
6.782579521029973,-20.682546241722534
6.780254892528357,-20.820580706422994
6.777940324231863,-20.957820574724416
6.775625185132689,-21.09509431246751
6.7741469455479955,-21.18274031968505
6.761219659397971,-21.369528252020967
6.767854701419307,-21.556771112530512
6.692945414504408,-21.42617963985416
6.612786960405801,-21.248333623594313
6.575836932567124,-21.165782467972434
6.5327271580167565,-21.06750403318985
6.488053586523094,-20.969709927762786
6.470012482814277,-20.929420453234627
6.449380194373824,-20.87476894806941
6.38583691267277,-20.70645331437177
6.303362943387708,-20.545832103127008
6.275265996098594,-20.491112340094194
6.205754060170651,-20.334525607331823
6.13624212424271,-20.177938874569453
6.060584341324763,-20.00564449292977
5.9849265584068165,-19.83335011129008
5.909205143361809,-19.660910601829645
5.833568555152055,-19.48865702215067
5.760966257224065,-19.321494080675723
5.688042777481339,-19.153587680686364
5.615346550253765,-18.986227108466274
5.542650323026192,-18.81886653624618
5.473621350181637,-18.65822825803238
5.407528812724811,-18.504434101211203
5.334737620044974,-18.328038137618577
5.258544044786567,-18.15768070247029
5.196659534626143,-18.01219879014743
5.128952666804916,-17.85302569941717
5.061333360336763,-17.694059257064946
4.994672699676623,-17.537348329454815
4.930524121324005,-17.385057969482748
4.866168718038411,-17.232283043751536
4.801623583802877,-17.079051569226873
4.744714784693708,-16.943942146520584
4.6841425117933895,-16.775438024095898
4.605682317979016,-16.610918304189717
4.551122274548563,-16.480142801129816
4.517632662347466,-16.399871288624222
4.498537721070374,-16.328020885231215
4.458778187282587,-16.178413754261804
4.387334840926287,-16.05500454770136
4.3469130152382105,-15.985181033142835
4.3131368837664725,-15.900327357965244
4.249097591160511,-15.751171475755879
4.195585570243184,-15.620709910914844
4.138362690490058,-15.481202119848666
4.081445187179813,-15.34243997029612
4.030902947116321,-15.219220399638878
3.9972283074691655,-15.100947065088187
3.93819076629101,-14.99119807567997
3.903364692561313,-14.905497918987175
3.862464976820962,-14.804851695484624
3.821565258962716,-14.704205466770345
3.7806655411044696,-14.603559238056068
3.7401394411466207,-14.503839827920148
3.7137717416003975,-14.438958870960917
3.6616694459750243,-14.280524860252248
3.587738827943702,-14.12580425193725
3.5501843852209993,-14.032390078215068
3.499596233695739,-13.906555557037752
3.449008133894555,-13.78072116452053
3.4188544526527327,-13.705715870411932
3.357962129458958,-13.524757882842156
3.2780764802005558,-13.355119241847635
3.253197755574715,-13.292709154979788
3.2141775488680544,-13.194817744028736
3.163825100916683,-13.058869592692103
3.1077799742168626,-12.927737820370883
3.068128967843874,-12.827502010098666
3.0225660789542608,-12.7140211042525
2.9769072970687263,-12.597606824586368
2.9298161388356485,-12.480214102944537
2.8880269712955373,-12.376035960845266
2.8450628154220254,-12.2657338094743
2.847746545769513,-12.272338054534464
2.8337414358845483,-12.206016343327141
2.7994784436398907,-12.043762682260107
2.709472970964604,-11.873772989648979
2.6283812188948654,-11.72061827367576
2.6199630737159207,-11.699945657295034
2.567476325047776,-11.517343158967362
2.4769653571186407,-11.343351463702009
2.471361303716193,-11.32931294188206
2.4324076556436203,-11.231731529069966
2.3934539935753207,-11.13415008119768
2.3751202861660548,-11.088222938343419
2.332506376824759,-10.933457936462895
2.254636660825046,-10.786985651797366
2.2197037637455366,-10.700438483955608
2.1650699594123304,-10.565088568811097
2.1104419715647293,-10.429753063800092
2.054834541126908,-10.291990783918036
1.9843296647647406,-10.119636057156354
1.9137444477690526,-9.94709286898436
1.8458676697950636,-9.783563820527707
1.7773816806123492,-9.618567882800946
1.7114704551616031,-9.462700333169687
1.6448191663093796,-9.30508301950111
1.5805591448719976,-9.156568713505143
1.5153906002325934,-9.005964835839395
1.4524063028645071,-8.864448675751241
1.3883128323467202,-8.720446469006495
1.3261661644566496,-8.585497998472759
1.262654625952166,-8.447588357739422
1.2008175578486504,-8.318705913148744
1.1372680270634863,-8.186255736155697
1.075120267455362,-8.062908477421068
1.012400917863499,-7.938427400586362
0.964214521688674,-7.847482873075545
0.9161882957335863,-7.756840163444373
0.8484646687248707,-7.634142014878366
0.7809688802267551,-7.516184675676983
0.7114745960944729,-7.399415644563046
0.6394685842907704,-7.28350459648609
0.5643504217749065,-7.168116997811171
0.4853950834407551,-7.052887811618489
0.40173853323525915,-6.937461153082141
0.3123550122593174,-6.82150378377231
0.21601175510418996,-6.704725312415254
0.11127640532618177,-6.586964544368657
-0.0035405406942658757,-6.468213684873084
-0.1303576512635572,-6.348757781551166
-0.2712815873810958,-6.229297810775439
-0.42850121970650695,-6.111120933149232
-0.5161507456478035,-6.053783300455541
-0.6040958142657147,-5.996252341724874
-0.7014205011663932,-5.942198305058955
-0.7996748056433817,-5.8876279702633045
-0.9071825601856888,-5.838637428981179
-1.0159311811797773,-5.78908143627147
-1.1333382720529017,-5.747369005586011
-1.2521582755249447,-5.705154598634337
-1.3782682925857066,-5.673063786875818
-1.5057330970380856,-5.640628223100798
-1.6383692103120326,-5.620265223451055
-1.7719660172759433,-5.599754722872573
-1.9080887233913357,-5.592571238210033
-2.0444183109383363,-5.585376829030716
-2.1803973368820246,-5.591837959058565
-2.315797942583389,-5.59827158429431
-2.4479381038343457,-5.617706730713542
-2.578960037025713,-5.6369773976309485
-2.704276984627957,-5.667754383721299
-2.828028177027438,-5.698146823669845
-2.944331208187028,-5.738017023512601
-3.0591099604090632,-5.777364659345492
-3.1651716226665965,-5.823873500401074
-3.270267051584626,-5.869958624168521
-3.366085246095287,-5.920972311300889
-3.461273528139836,-5.971650642344357
-3.5472183056980944,-6.02530400100946
-3.633163083256352,-6.078957359674564
-3.787697305647233,-6.189283506677742
-3.9269436971934,-6.3008450295182
-4.053005128683943,-6.4125156730804935
-4.167895198172149,-6.523701772976175
-4.273410680035908,-6.634159511394398
-4.371114728004283,-6.743874625711355
-4.462365356081955,-6.853007518834913
-4.548299857929015,-6.961791407572267
-4.6298825476879255,-7.070510203346287
-4.707927540588358,-7.179474115902229
-4.783105906166196,-7.288971102483367
-4.855998058397207,-7.399297864576709
-4.929153023711423,-7.513967480516946
-5.032674076327791,-7.682743227775286
-5.100079492123835,-7.798021192299661
-5.166736337592687,-7.912019391346111
-5.235042654140118,-8.034312980966405
-5.30128838649344,-8.152918252317297
-5.369459642367304,-8.279658354837794
-5.435985949200339,-8.403341320631775
-5.504710512805495,-8.535101401576384
-5.572096553510738,-8.664293307500081
-5.641648595865913,-8.800987819794102
-5.710659306447844,-8.936619969120713
-5.782045617816723,-9.079715094429826
-5.852491363669068,-9.220926148661936
-5.925808424591903,-9.370126163322043
-5.9987915197571,-9.518642523718883
-6.045403922130775,-9.614799106356488
-6.089821231504775,-9.70642550924586
-6.184062160255826,-9.861305738497036
-6.246932763416235,-10.030122862903957
-6.289138103582799,-10.116466116787825
-6.351662065777559,-10.248596629715115
-6.411724753119935,-10.373484160025436
-6.473295159565936,-10.501497743680705
-6.532850059060875,-10.625321015973112
-6.5981814472159614,-10.756648113907522
-6.660487144409097,-10.890679813806578
-6.721109242973357,-11.016696424585342
-6.743597950267453,-11.063847790415348
-6.834291922804304,-11.200974886804492
-6.883161950510189,-11.35638658061995
-6.904369327911987,-11.400835342602267
-6.949819193146008,-11.496094183154185
-6.995269068193735,-11.591353044274745
-7.0404184978090205,-11.685985151433922
-7.083906830374618,-11.777139437784939
-7.1296578230615655,-11.871857604942326
-7.175467648949043,-11.966701878454023
-7.223615872475068,-12.065205733055741
-7.272068327564528,-12.164338552438213
-7.320578427300364,-12.263591869470181
-7.36801962674821,-12.360660326854305
-7.417166553526197,-12.459692538248133
-7.467391691327508,-12.560899537573212
-7.517145142445132,-12.661158188066057
-7.5668985935627555,-12.761416838558903
-7.618263760145188,-12.863452335229844
-7.669628926727621,-12.965487831900788
-7.721845920489321,-13.069206916765195
-7.772459728206721,-13.169744764304665
-7.8245785485614165,-13.271858379674754
-7.878336778484424,-13.37718725299707
-7.93264943618397,-13.48359737119902
-7.984270594259242,-13.584728160998825
-8.03730540153576,-13.687267118981802
-8.093054915838643,-13.795048412414006
-8.14826064297414,-13.901773980488652
-8.201910455607246,-14.005486319127785
-8.256869497233888,-14.110386794717584
-8.313409505698164,-14.218299484396223
-8.36977964542343,-14.325888575138823
-8.424932499651298,-14.431156345242247
-8.481310834702013,-14.537401695103625
-8.538913027523034,-14.645955449164669
-8.596699556511712,-14.754855337674094
-8.640929892416676,-14.83821024920889
-8.715069428648068,-14.963121893928784
-8.78106914750628,-15.09935337578557
-8.828227986959261,-15.187131897561615
-8.885471826116122,-15.293679724710545
-8.943728535082997,-15.400806929445203
-9.003804527440437,-15.511277224983083
-9.063384624410356,-15.62082820034007
-9.122127503721279,-15.728829614910905
-9.181787864207642,-15.83722044073611
-9.242301583446192,-15.947151441911792
-9.303742292245417,-16.058763006388716
-9.36245263340322,-16.165406902946163
-9.421964789676986,-16.27221422680049
-9.484255493293855,-16.384000207393182
-9.54630559156346,-16.49536050207802
-9.606038984255022,-16.602568459194263
-9.666492356113459,-16.709733984476966
-9.729266221029494,-16.821018611644824
-9.791390200311275,-16.931153749950475
-9.852476701475435,-17.039446852563458
-9.914173659932603,-17.14749439167515
-9.97691747543944,-17.25737246530207
-10.040230324311867,-17.36823993378131
-10.10130405408124,-17.475177606417773
-10.163780605819795,-17.583232894836797
-10.226257157558349,-17.691288183255825
-10.289629630089543,-17.80088613805312
-10.352103810709377,-17.908925894280245
-10.415002729268611,-18.0163386723147
-10.478260949148137,-18.124360199127608
-10.54152004882443,-18.23238322833637
-10.604438655095281,-18.33981969621294
-10.667678903948165,-18.446417675388478
-10.731207842047999,-18.553502173540732
-10.795594238419591,-18.66203085032133
-10.857859502281395,-18.766988308189596
-10.920883309223516,-18.871801229448987
-10.984669242773808,-18.97788060480846
-11.049007454063956,-19.084882984065445
-11.111945612484764,-19.189555277859633
-11.174995072841506,-19.292975397199907
-11.2391659498906,-19.39822945010862
-11.303452057199706,-19.503673915167624
-11.36624737208953,-19.606673299952526
-11.429053493197728,-19.70823089997633
-11.493365952755052,-19.812224426805287
-11.558765002984611,-19.91797144210165
-11.620285236149792,-20.0174495814327
-11.681692669288156,-20.115265217067577
-11.747056270579678,-20.219385748728037
-11.811284602703031,-20.32170154718453
-11.873617454550276,-20.42099869808534
-11.935758520921992,-20.518446046261623
-11.999812447183768,-20.61889394149206
-12.065010097659403,-20.721139107820132
-12.125775049421783,-20.81642627885968
-12.186242719337564,-20.9097125161411
-12.251153912927983,-21.009847099900274
-12.316084278124473,-21.11001125923235
-12.376253651433943,-21.202834042561786
-12.435995128861386,-21.293403911792538
-12.500578978304375,-21.391318289259388
-12.565149727901487,-21.489212806596562
-12.624567986175427,-21.579295092618782
-12.683467737319726,-21.66696066514128
-12.747570759709726,-21.762370034629857
-12.811681901902316,-21.85779148955309
-12.870191618768455,-21.94487410105282
-12.928070831428734,-22.029345138990994
-12.991613501238737,-22.12207966540242
-13.066079422396713,-22.17655299090427
-13.034841793028674,-22.02582819398894
-12.997591814106592,-21.855565625262038
-12.963325968754317,-21.685836120124264
-12.930693998277459,-21.533704379457863
-12.895907365332317,-21.371526178630845
-12.86097115115233,-21.208635927544908
-12.827301611222259,-21.051630173195356
-12.79383986820225,-20.899674570606575
-12.75908215321541,-20.741812094868294
-12.724330936217324,-20.583979129694
-12.69090253199419,-20.432160574352636
-12.657689127236573,-20.285227851721828
-12.623130857595813,-20.13235213137586
-12.588945125216318,-19.981113305500934
-12.555399736403452,-19.83271378538971
-12.522074093664582,-19.68914404506652
-12.488094793596428,-19.542764658344897
-12.453722514611927,-19.394681413634835
-12.420825692015491,-19.252958692528452
-12.388172700394314,-19.115966630230606
-12.354015988060128,-18.97266988298572
-12.319855554584297,-18.829357523911657
-12.287250648353826,-18.69256101620218
-12.254901051063008,-18.560428498793073
-12.220959678395973,-18.42178410614808
-12.187018868652038,-18.283142012511234
-12.154720638781745,-18.151195692697208
-12.122692373224545,-18.023841017223706
-12.088978265042917,-17.889768662902746
-12.055975758274144,-17.758535664726022
-12.023281544406291,-17.62854185694992
-11.990864661981242,-17.50303605802749
-11.958125071109306,-17.376293930327744
-11.924657765561482,-17.24674412572242
-11.89301599450966,-17.124255186222562
-11.861664245247498,-17.00614277754085
-11.828455606810278,-16.881028995391297
-11.795239577377535,-16.755887366438667
-11.763952069058961,-16.63801414282232
-11.732969759037488,-16.524423104349406
-11.700027101431537,-16.403647578907904
-11.668044126503538,-16.286399690747434
-11.636152531793442,-16.169487064918812
-11.604568840535762,-16.05681068938124
-11.572890753903204,-15.943797815175362
-11.540214591119314,-15.827233528914586
-11.509689908726084,-15.71834584208947
-11.479497590117663,-15.613569124711685
-11.447116339562083,-15.50119791273261
-11.414725116737932,-15.388792093058631
-11.38460332002713,-15.284264491362308
-11.354836253874613,-15.183783320991846
-11.322746171908571,-15.075463483669418
-11.290652776999936,-14.967132463327173
-11.26095839560407,-14.866900211539479
-11.231635260520678,-14.770639505732085
-11.199850588583926,-14.66629914210596
-11.168065869855456,-14.561958624834181
-11.138818470852621,-14.465936959154806
-11.109957253010286,-14.373822889232752
-11.078485430984546,-14.27336564136878
-11.047020441442449,-14.172930201922622
-11.0182338455887,-14.081043032255021
-10.98984866743261,-13.992960192185928
-10.958712213510228,-13.896338625497805
-10.899268866339517,-13.711881427540188
-10.840577227677345,-13.534837261983997
-10.781987729515535,-13.358100838567129
-10.724178843460377,-13.18863934901972
-10.666447070615506,-13.019402774917788
-10.609528145734357,-12.857264340690431
-10.552717099768907,-12.695435171285508
-10.496736524618132,-12.540519131213552
-10.440850025756442,-12.385861187638776
-10.385825542945508,-12.237950202309275
-10.330911464629258,-12.090335994322528
-10.276885203356265,-11.949290731178587
-10.222964957973181,-11.808524841945163
-10.169960768118383,-11.674153333015607
-10.117078184399606,-11.540087386823021
-10.065138939046166,-11.412257214762358
-10.013301539864832,-11.284679196573805
-9.962441217099673,-11.16315676504185
-9.911704489260273,-11.04193454852137
-9.86196223778875,-10.926581830061988
-9.812338026133123,-10.811498939692823
-9.763747292398714,-10.702140659181559
-9.715265294191358,-10.59302495247149
-9.667842368790753,-10.489450907774224
-9.620539365192014,-10.386141918666498
-9.574321998657547,-10.288191846602944
-9.528209404342538,-10.190467111808038
-9.483213329062036,-10.09793872001239
-9.438323165242487,-10.005628659643728
-9.394575065991006,-9.91833934511104
-9.350920484505215,-9.831239626173735
-9.30842676788046,-9.748965657357989
-9.266029875299596,-9.666883456627513
-9.224811751813235,-9.58943886347862
-9.183683244933405,-9.512164174958984
-9.103895440828358,-9.366666090786369
-9.026660494892548,-9.229936549297337
-8.951970157394953,-9.101531740033348
-8.879790146567467,-8.980979216962973
-8.810075357426122,-8.86779554555582
-8.742738648345043,-8.76146082668651
-8.677692129396345,-8.661455867359814
-8.616500643281045,-8.569771158766091
-8.525274251594494,-8.437149255929414
-8.466935577464238,-8.355481348715427
-8.407856018956942,-8.272775901928622
-8.354165062572463,-8.200191159010561
-8.29721039919537,-8.12319408075639
-8.214510027777706,-8.014065234389061
-8.127319717866603,-7.899005322646838
-8.046149971774787,-7.790798310293823
-7.9590223436936345,-7.674644497434876
-7.8637908421462,-7.541417093523622
-7.7940287783897375,-7.438956548511747
-7.724008446973208,-7.330553686935111
-7.651762213838448,-7.211004118447286
-7.578248055190725,-7.078862767939312
-7.504995642541968,-6.933087479482554
-7.434094470496828,-6.773290586102809
-7.368076446084057,-6.599995878138047
-7.309610079807614,-6.4147119166424185
-7.265693133305576,-6.238114042907352
-7.241404893369881,-6.115747505728838
-7.205531594364166,-5.935014337666857
-7.2055316019030915,-5.781487227359823
-7.205531605664781,-5.677102691605356
-7.205531607456102,-5.576447204905696
-7.205531607491919,-5.4341072099555365
-7.205531607527735,-5.291767181822824
-7.205531607563554,-5.149427153690091
-7.205531607599372,-5.007087125557378
-7.205531607635189,-4.864747097424685
-7.205531607671006,-4.722407069291972
-7.205531607706824,-4.580067041159239
-7.205531607742643,-4.437727013026526
-7.205531607778459,-4.295386984893833
-7.205531607814276,-4.15304695676112
-7.205531607850094,-4.010706928628387
-7.205531607885911,-3.868366900495694
-7.205531607921728,-3.7260268723629815
-7.205531607957546,-3.5836868442302494
-7.205531607993363,-3.441346816097556
-7.20553160802918,-3.299006787964843
-7.205531608064998,-3.1566667598321105
-7.205531608100815,-3.014326731699417
-7.205531608136631,-2.871986703566704
-7.20553160817245,-2.7296466754339717
-7.2055316082082665,-2.5873066473012782
-7.205531608244083,-2.4449666191685653
-7.205531608279902,-2.302626591035833
-7.20553160831572,-2.16028656290312
-7.205531608351537,-2.0179465347704264
-7.2055316083873535,-1.8756065066377183
-7.205531608423172,-1.7332664785049763
-7.20553160845899,-1.5909264503722635
-7.205531608494807,-1.44858642223958
-7.205531608530624,-1.306246394106867
-7.20553160857353,-1.1850718501077138
-7.205531608647853,-1.0744800616551928
-7.205531608696109,-0.9691796560987349
-7.205531608781627,-0.8665249406724883
-7.205531608848485,-0.765193071499819
-7.2055316089009,-0.6645226249994858
-7.205531608974063,-0.564182889565954
-7.205531609050334,-0.46400850998116394
-7.20553160910463,-0.36391680835195284
-7.205531609185397,-0.26386644549905447
-7.205531609242107,-0.16383675216293292
-7.205531609298817,-0.06380705882681134
