HatchData,,HatchData,,HatchData,
MainCurve1,,MainCurve1,,MainCurve1,
X,Y,X,Y,X,Y
-9.505531609,-1.213910888,-9.5 ,-1.2 ,-10 ,-1 
-9.537237865,-1.190134779,-9.5 ,-1.2 ,-10 ,-1 
-9.602733416,-1.142894551,-9.6 ,-1.1 ,-10 ,-1 
-9.670953135,-1.09605207,-9.7 ,-1.1 ,-10 ,-1 
-9.741833316,-1.049584662,-9.7 ,-1.0 ,-10 ,-1 
-9.815308097,-1.003470326,-9.8 ,-1.0 ,-10 ,-1 
-9.891311614,-0.957686389,-9.9 ,-1.0 ,-10 ,-1 
-9.969781242,-0.912210716,-10.0 ,-0.9 ,-10 ,-1 
-10.05065112,-0.867020902,-10.1 ,-0.9 ,-10 ,-1 
-10.17631265,-0.799723276,-10.2 ,-0.8 ,-10 ,-1 
-10.35165705,-0.710784553,-10.4 ,-0.7 ,-10 ,-1 
-10.535432,-0.622587066,-10.5 ,-0.6 ,-11 ,-1 
-10.72712032,-0.534951581,-10.7 ,-0.5 ,-11 ,-1 
-10.92620049,-0.447699401,-10.9 ,-0.4 ,-11 ,0 
-11.13215532,-0.360651831,-11.1 ,-0.4 ,-11 ,0 
-11.34446439,-0.273629904,-11.3 ,-0.3 ,-11 ,0 
-11.56260834,-0.186454926,-11.6 ,-0.2 ,-12 ,0 
-11.89962769,-0.055014115,-11.9 ,-0.1 ,-12 ,0 
-12.36456415,0.122445475,-12.4 ,0.1 ,-12 ,0 
-12.84349288,0.303735959,-12.8 ,0.3 ,-13 ,0 
-13.33225906,0.490288525,-13.3 ,0.5 ,-13 ,0 
-13.70279118,0.634516349,-13.7 ,0.6 ,-14 ,1 
-13.95072281,0.733057681,-14.0 ,0.7 ,-14 ,1 
-14.19877646,0.833719341,-14.2 ,0.8 ,-14 ,1 
-14.44643384,0.936679753,-14.4 ,0.9 ,-14 ,1 
-14.6931756,1.042118153,-14.7 ,1.0 ,-15 ,1 
-14.93848132,1.150212967,-14.9 ,1.2 ,-15 ,1 
-15.18183165,1.261142891,-15.2 ,1.3 ,-15 ,1 
-15.4227083,1.375087701,-15.4 ,1.4 ,-15 ,1 
-15.66059193,1.492225283,-15.7 ,1.5 ,-16 ,1 
-15.89496319,1.612734873,-15.9 ,1.6 ,-16 ,2 
-16.06812328,1.705437007,-16.1 ,1.7 ,-16 ,2 
-16.18219604,1.768385467,-16.2 ,1.8 ,-16 ,2 
-16.29509729,1.832277613,-16.3 ,1.8 ,-16 ,2 
-16.4067644,1.897135582,-16.4 ,1.9 ,-16 ,2 
-16.51713044,1.962981506,-16.5 ,2.0 ,-17 ,2 
-16.62613277,2.029838601,-16.6 ,2.0 ,-17 ,2 
-16.73370445,2.097728461,-16.7 ,2.1 ,-17 ,2 
-16.8397807,2.16667322,-16.8 ,2.2 ,-17 ,2 
-16.94429782,2.236696093,-16.9 ,2.2 ,-17 ,2 
-17.04718994,2.307818675,-17.0 ,2.3 ,-17 ,2 
-17.14839228,2.38006418,-17.1 ,2.4 ,-17 ,2 
-17.24784004,2.453454202,-17.2 ,2.5 ,-17 ,2 
-17.34546846,2.528010876,-17.3 ,2.5 ,-17 ,3 
-17.44121275,2.603757416,-17.4 ,2.6 ,-17 ,3 
-17.53500811,2.680715417,-17.5 ,2.7 ,-18 ,3 
-17.62678869,2.758907553,-17.6 ,2.8 ,-18 ,3 
-17.71649079,2.838356499,-17.7 ,2.8 ,-18 ,3 
-17.80404853,2.91908439,-17.8 ,2.9 ,-18 ,3 
-17.88939714,3.001112819,-17.9 ,3.0 ,-18 ,3 
-17.97247183,3.084465542,-18.0 ,3.1 ,-18 ,3 
-18.05320782,3.169163612,-18.1 ,3.2 ,-18 ,3 
-18.13154032,3.255230245,-18.1 ,3.3 ,-18 ,3 
-18.20740455,3.342687574,-18.2 ,3.3 ,-18 ,3 
-18.28073465,3.431557194,-18.3 ,3.4 ,-18 ,3 
-18.35146691,3.52186286,-18.4 ,3.5 ,-18 ,4 
-18.41953546,3.613625626,-18.4 ,3.6 ,-18 ,4 
-18.48487445,3.706868707,-18.5 ,3.7 ,-18 ,4 
-18.54742341,3.801614237,-18.5 ,3.8 ,-19 ,4 
-18.60711108,3.89788435,-18.6 ,3.9 ,-19 ,4 
-18.66387698,3.995701722,-18.7 ,4.0 ,-19 ,4 
-18.71765635,4.095088486,-18.7 ,4.1 ,-19 ,4 
-18.76838222,4.196066777,-18.8 ,4.2 ,-19 ,4 
-18.81598983,4.29865927,-18.8 ,4.3 ,-19 ,4 
-18.86041438,4.402888638,-18.9 ,4.4 ,-19 ,4 
-18.9015911,4.508776478,-18.9 ,4.5 ,-19 ,5 
-18.93945519,4.616345462,-18.9 ,4.6 ,-19 ,5 
-18.97394404,4.725617725,-19.0 ,4.7 ,-19 ,5 
-19.00498853,4.836616483,-19.0 ,4.8 ,-19 ,5 
-19.03252605,4.949363328,-19.0 ,4.9 ,-19 ,5 
-19.05649182,5.063880397,-19.1 ,5.1 ,-19 ,5 
-19.07682104,5.180190903,-19.1 ,5.2 ,-19 ,5 
-19.09344893,5.298316441,-19.1 ,5.3 ,-19 ,5 
-19.10630856,5.418279146,-19.1 ,5.4 ,-19 ,5 
-19.11533729,5.540102771,-19.1 ,5.5 ,-19 ,6 
-19.12046818,5.663808371,-19.1 ,5.7 ,-19 ,6 
-19.12163645,5.789418621,-19.1 ,5.8 ,-19 ,6 
-19.11878164,5.916955656,-19.1 ,5.9 ,-19 ,6 
-19.11183247,6.046442689,-19.1 ,6.0 ,-19 ,6 
-19.1007285,6.177901315,-19.1 ,6.2 ,-19 ,6 
-19.08540276,6.311354209,-19.1 ,6.3 ,-19 ,6 
-19.06579048,6.446822966,-19.1 ,6.4 ,-19 ,6 
-19.04182688,6.584330259,-19.0 ,6.6 ,-19 ,7 
-19.01344716,6.723899843,-19.0 ,6.7 ,-19 ,7 
-18.98058656,6.865552233,-19.0 ,6.9 ,-19 ,7 
-18.94318027,7.009311183,-18.9 ,7.0 ,-19 ,7 
-18.90116352,7.155197207,-18.9 ,7.2 ,-19 ,7 
-18.85447153,7.303235141,-18.9 ,7.3 ,-19 ,7 
-18.80303735,7.453445498,-18.8 ,7.5 ,-19 ,7 
-18.74679835,7.605850953,-18.7 ,7.6 ,-19 ,8 
-18.68568976,7.76047418,-18.7 ,7.8 ,-19 ,8 
-18.61964462,7.917337855,-18.6 ,7.9 ,-19 ,8 
-18.54860032,8.076462491,-18.5 ,8.1 ,-19 ,8 
-18.47248991,8.237872924,-18.5 ,8.2 ,-18 ,8 
-18.39125077,8.401590746,-18.4 ,8.4 ,-18 ,8 
-18.30481595,8.567637553,-18.3 ,8.6 ,-18 ,9 
-18.21312066,8.73603602,-18.2 ,8.7 ,-18 ,9 
-18.11610013,8.906807741,-18.1 ,8.9 ,-18 ,9 
-18.01369066,9.07997755,-18.0 ,9.1 ,-18 ,9 
-17.96044464,9.167467401,-18.0 ,9.2 ,-18 ,9 
-17.85289567,9.343378524,-17.9 ,9.3 ,-18 ,9 
-17.63963212,9.696957755,-17.6 ,9.7 ,-18 ,10 
-17.42873319,10.05247403,-17.4 ,10.1 ,-17 ,10 
-17.22010385,10.40944254,-17.2 ,10.4 ,-17 ,10 
-17.01364802,10.76737958,-17.0 ,10.8 ,-17 ,11 
-16.80927068,11.12579817,-16.8 ,11.1 ,-17 ,11 
-16.50639357,11.66327004,-16.5 ,11.7 ,-17 ,12 
-15.91273453,12.73165009,-15.9 ,12.7 ,-16 ,13 
-15.33305155,13.78036279,-15.3 ,13.8 ,-15 ,14 
-14.95308796,14.46211297,-15.0 ,14.5 ,-15 ,14 
-14.67097952,14.96153611,-14.7 ,15.0 ,-15 ,15 
-14.4840917,15.28791362,-14.5 ,15.3 ,-14 ,15 
-14.29804175,15.60846704,-14.3 ,15.6 ,-14 ,16 
-14.11273142,15.92271482,-14.1 ,15.9 ,-14 ,16 
-13.92806677,16.23016676,-13.9 ,16.2 ,-14 ,16 
-13.74395278,16.53034345,-13.7 ,16.5 ,-14 ,17 
-13.56029228,16.82275687,-13.6 ,16.8 ,-14 ,17 
-13.37699133,17.10692327,-13.4 ,17.1 ,-13 ,17 
-13.19395276,17.38235464,-13.2 ,17.4 ,-13 ,17 
-13.0567899,17.58290649,-13.1 ,17.6 ,-13 ,18 
-12.96538075,17.71362549,-13.0 ,17.7 ,-13 ,18 
-12.87398347,17.84188919,-12.9 ,17.8 ,-13 ,18 
-12.78258512,17.96763711,-12.8 ,18.0 ,-13 ,18 
-12.69117596,18.09080662,-12.7 ,18.1 ,-13 ,18 
-12.59974413,18.21133726,-12.6 ,18.2 ,-13 ,18 
-12.50827452,18.32917073,-12.5 ,18.3 ,-13 ,18 
-12.41675847,18.4442444,-12.4 ,18.4 ,-12 ,18 
-12.32518304,18.55649781,-12.3 ,18.6 ,-12 ,19 
-12.23353526,18.66587265,-12.2 ,18.7 ,-12 ,19 
-12.14180543,18.77230413,-12.1 ,18.8 ,-12 ,19 
-12.0499795,18.87573396,-12.0 ,18.9 ,-12 ,19 
-11.95804559,18.97610382,-12.0 ,19.0 ,-12 ,19 
-11.86599292,19.07334893,-11.9 ,19.1 ,-12 ,19 
-11.77380852,19.16741099,-11.8 ,19.2 ,-12 ,19 
-11.68148159,19.25822953,-11.7 ,19.3 ,-12 ,19 
-11.58899918,19.34574193,-11.6 ,19.3 ,-12 ,19 
-11.49635049,19.42988987,-11.5 ,19.4 ,-11 ,19 
-11.40352257,19.51061075,-11.4 ,19.5 ,-11 ,20 
-11.31050353,19.58784408,-11.3 ,19.6 ,-11 ,20 
-11.21728151,19.66153157,-11.2 ,19.7 ,-11 ,20 
-11.12384461,19.73161275,-11.1 ,19.7 ,-11 ,20 
-11.03018098,19.79802283,-11.0 ,19.8 ,-11 ,20 
-10.93627872,19.86070352,-10.9 ,19.9 ,-11 ,20 
-10.84212596,19.9195965,-10.8 ,19.9 ,-11 ,20 
-10.74770975,19.97463699,-10.7 ,20.0 ,-11 ,20 
-10.65302037,20.02576669,-10.7 ,20.0 ,-11 ,20 
-10.55804378,20.07292513,-10.6 ,20.1 ,-11 ,20 
-10.46276918,20.11605184,-10.5 ,20.1 ,-10 ,20 
-10.36718361,20.1550842,-10.4 ,20.2 ,-10 ,20 
-10.27127629,20.18996391,-10.3 ,20.2 ,-10 ,20 
-10.17503425,20.22062834,-10.2 ,20.2 ,-10 ,20 
-10.0784467,20.24701919,-10.1 ,20.2 ,-10 ,20 
-9.981500669,20.26907382,-10.0 ,20.3 ,-10 ,20 
-9.884184294,20.28673178,-9.9 ,20.3 ,-10 ,20 
-9.786486772,20.29993476,-9.8 ,20.3 ,-10 ,20 
-9.688395149,20.30862014,-9.7 ,20.3 ,-10 ,20 
-9.589896465,20.31272529,-9.6 ,20.3 ,-10 ,20 
-9.490981005,20.31219406,-9.5 ,20.3 ,-9 ,20 
-9.391635811,20.30696167,-9.4 ,20.3 ,-9 ,20 
-9.291849005,20.29697198,-9.3 ,20.3 ,-9 ,20 
-9.191607632,20.28216019,-9.2 ,20.3 ,-9 ,20 
-9.090901434,20.26246585,-9.1 ,20.3 ,-9 ,20 
-8.989717453,20.23783281,-9.0 ,20.2 ,-9 ,20 
-8.888044354,20.20819413,-8.9 ,20.2 ,-9 ,20 
-8.785869718,20.17349582,-8.8 ,20.2 ,-9 ,20 
-8.683181669,20.13367093,-8.7 ,20.1 ,-9 ,20 
-8.57996833,20.08866332,-8.6 ,20.1 ,-9 ,20 
-8.476217283,20.03841037,-8.5 ,20.0 ,-8 ,20 
-8.371917732,19.9828516,-8.4 ,20.0 ,-8 ,20 
-8.267056719,19.92192656,-8.3 ,19.9 ,-8 ,20 
-8.161622908,19.85557478,-8.2 ,19.9 ,-8 ,20 
-8.055603881,19.78373796,-8.1 ,19.8 ,-8 ,20 
-7.948987762,19.70634914,-7.9 ,19.7 ,-8 ,20 
-7.841762673,19.62335435,-7.8 ,19.6 ,-8 ,20 
-7.733917277,19.5346888,-7.7 ,19.5 ,-8 ,20 
-7.625438617,19.44029419,-7.6 ,19.4 ,-8 ,19 
-7.516315897,19.34011004,-7.5 ,19.3 ,-8 ,19 
-7.406536159,19.23407374,-7.4 ,19.2 ,-7 ,19 
-7.296087525,19.12212481,-7.3 ,19.1 ,-7 ,19 
-7.18495866,19.00420496,-7.2 ,19.0 ,-7 ,19 
-7.073137146,18.88024941,-7.1 ,18.9 ,-7 ,19 
-6.960611105,18.75020199,-7.0 ,18.8 ,-7 ,19 
-6.847369202,18.6140001,-6.8 ,18.6 ,-7 ,19 
-6.733398478,18.47158325,-6.7 ,18.5 ,-7 ,18 
-6.618687597,18.322891,-6.6 ,18.3 ,-7 ,18 
-6.503224682,18.16786288,-6.5 ,18.2 ,-7 ,18 
-6.386997855,18.00643841,-6.4 ,18.0 ,-6 ,18 
-6.2699947,17.83855497,-6.3 ,17.8 ,-6 ,18 
-6.15220334,17.66415427,-6.2 ,17.7 ,-6 ,18 
-6.033612437,17.48317367,-6.0 ,17.5 ,-6 ,17 
-5.914209574,17.29555486,-5.9 ,17.3 ,-6 ,17 
-5.793982335,17.1012374,-5.8 ,17.1 ,-6 ,17 
-5.672919922,16.90015648,-5.7 ,16.9 ,-6 ,17 
-5.551009378,16.69225596,-5.6 ,16.7 ,-6 ,17 
-5.428239367,16.47747323,-5.4 ,16.5 ,-5 ,16 
-5.304598011,16.25574781,-5.3 ,16.3 ,-5 ,16 
-5.180072893,16.02701923,-5.2 ,16.0 ,-5 ,16 
-5.117474996,15.9100109,-5.1 ,15.9 ,-5 ,16 
-5.083943145,15.67844025,-5.1 ,15.7 ,-5 ,16 
-5.01688144,15.23331798,-5.0 ,15.2 ,-5 ,15 
-4.949817577,14.81189369,-4.9 ,14.8 ,-5 ,15 
-4.882743995,14.41376898,-4.9 ,14.4 ,-5 ,14 
-4.815653678,14.03854433,-4.8 ,14.0 ,-5 ,14 
-4.748539067,13.68582133,-4.7 ,13.7 ,-5 ,14 
-4.681393953,13.35520155,-4.7 ,13.4 ,-5 ,13 
-4.614210239,13.0462855,-4.6 ,13.0 ,-5 ,13 
-4.546981176,12.75867582,-4.5 ,12.8 ,-5 ,13 
-4.479699476,12.49197302,-4.5 ,12.5 ,-4 ,12 
-4.429199533,12.30542639,-4.4 ,12.3 ,-4 ,12 
-4.39551293,12.18738885,-4.4 ,12.2 ,-4 ,12 
-4.36180905,12.07435264,-4.4 ,12.1 ,-4 ,12 
-4.328087085,11.96626916,-4.3 ,12.0 ,-4 ,12 
-4.294346225,11.86308983,-4.3 ,11.9 ,-4 ,12 
-4.26058539,11.76476283,-4.3 ,11.8 ,-4 ,12 
-4.226804039,11.67123848,-4.2 ,11.7 ,-4 ,12 
-4.193001094,11.58246819,-4.2 ,11.6 ,-4 ,12 
-4.159175475,11.49840231,-4.2 ,11.5 ,-4 ,11 
-4.125326641,11.41898899,-4.1 ,11.4 ,-4 ,11 
-4.091453514,11.34418074,-4.1 ,11.3 ,-4 ,11 
-4.057555282,11.27392572,-4.1 ,11.3 ,-4 ,11 
-4.023630867,11.20817536,-4.0 ,11.2 ,-4 ,11 
-3.989679459,11.14687889,-4.0 ,11.1 ,-4 ,11 
-3.955700247,11.08998773,-4.0 ,11.1 ,-4 ,11 
-3.921692153,11.03745222,-3.9 ,11.0 ,-4 ,11 
-3.887654636,10.98922053,-3.9 ,11.0 ,-4 ,11 
-3.853586347,10.94524407,-3.9 ,10.9 ,-4 ,11 
-3.819487015,10.90547316,-3.8 ,10.9 ,-4 ,11 
-3.785355021,10.86985816,-3.8 ,10.9 ,-4 ,11 
-3.751189826,10.83834938,-3.8 ,10.8 ,-4 ,11 
-3.716990888,10.81089499,-3.7 ,10.8 ,-4 ,11 
-3.68275659,10.7874475,-3.7 ,10.8 ,-4 ,11 
-3.64848666,10.76795615,-3.6 ,10.8 ,-4 ,11 
-3.61417975,10.75237128,-3.6 ,10.8 ,-4 ,11 
-3.579835318,10.74064322,-3.6 ,10.7 ,-4 ,11 
-3.545452017,10.73272229,-3.5 ,10.7 ,-4 ,11 
-3.511029575,10.72855776,-3.5 ,10.7 ,-4 ,11 
-3.476566643,10.72809995,-3.5 ,10.7 ,-3 ,11 
-3.442062681,10.73130028,-3.4 ,10.7 ,-3 ,11 
-3.407516339,10.73810692,-3.4 ,10.7 ,-3 ,11 
-3.372927079,10.74847236,-3.4 ,10.7 ,-3 ,11 
-3.338294089,10.76234478,-3.3 ,10.8 ,-3 ,11 
-3.30361602,10.77967558,-3.3 ,10.8 ,-3 ,11 
-3.268892332,10.80041402,-3.3 ,10.8 ,-3 ,11 
-3.234121946,10.82451151,-3.2 ,10.8 ,-3 ,11 
-3.199304321,10.85191731,-3.2 ,10.9 ,-3 ,11 
-3.164438109,10.88258174,-3.2 ,10.9 ,-3 ,11 
-3.129522769,10.91645513,-3.1 ,10.9 ,-3 ,11 
-3.094557221,10.95348675,-3.1 ,11.0 ,-3 ,11 
-3.059540385,10.99362908,-3.1 ,11.0 ,-3 ,11 
-3.024471993,11.03682922,-3.0 ,11.0 ,-3 ,11 
-2.989350423,11.08303965,-3.0 ,11.1 ,-3 ,11 
-2.954175407,11.13221071,-3.0 ,11.1 ,-3 ,11 
-2.918945594,11.18429057,-2.9 ,11.2 ,-3 ,11 
-2.883660175,11.23923065,-2.9 ,11.2 ,-3 ,11 
-2.830626368,11.32689421,-2.8 ,11.3 ,-3 ,11 
-2.759711635,11.45332451,-2.8 ,11.5 ,-3 ,11 
-2.688558821,11.59029842,-2.7 ,11.6 ,-3 ,12 
-2.617160907,11.73741642,-2.6 ,11.7 ,-3 ,12 
-2.545510336,11.89428117,-2.5 ,11.9 ,-3 ,12 
-2.473600358,12.06049426,-2.5 ,12.1 ,-2 ,12 
-2.401423687,12.2356551,-2.4 ,12.2 ,-2 ,12 
-2.328973168,12.41936742,-2.3 ,12.4 ,-2 ,12 
-2.256241648,12.61123066,-2.3 ,12.6 ,-2 ,13 
-2.183221975,12.81084746,-2.2 ,12.8 ,-2 ,13 
-2.109907129,13.0178194,-2.1 ,13.0 ,-2 ,13 
-2.036289824,13.23174699,-2.0 ,13.2 ,-2 ,13 
-1.962363039,13.4522318,-2.0 ,13.5 ,-2 ,13 
-1.888119623,13.67887541,-1.9 ,13.7 ,-2 ,14 
-1.813552421,13.91127831,-1.8 ,13.9 ,-2 ,14 
-1.701078748,14.26981244,-1.7 ,14.3 ,-2 ,14 
-1.549913907,14.76429796,-1.5 ,14.8 ,-2 ,15 
-1.397325302,15.27464801,-1.4 ,15.3 ,-1 ,15 
-1.24325591,15.79767737,-1.2 ,15.8 ,-1 ,16 
-1.009250275,16.59901234,-1.0 ,16.6 ,-1 ,17 
-0.771591361,17.41093302,-0.8 ,17.4 ,-1 ,17 
-0.611027373,17.95277997,-0.6 ,18.0 ,-1 ,18 
-0.448696957,18.49135965,-0.4 ,18.5 ,0 ,18 
-0.28454299,19.02348253,-0.3 ,19.0 ,0 ,19 
-0.160196455,19.41641912,-0.2 ,19.4 ,0 ,19 
-0.076699161,19.6747,-0.1 ,19.7 ,0 ,20 
0.00728615,19.92957108,0.0 ,19.9 ,0 ,20 
0.091766621,20.18063717,0.1 ,20.2 ,0 ,20 
0.176749386,20.42749663,0.2 ,20.4 ,0 ,20 
0.262241567,20.66975427,0.3 ,20.7 ,0 ,21 
0.348250332,20.90700841,0.3 ,20.9 ,0 ,21 
0.434782802,21.13886173,0.4 ,21.1 ,0 ,21 
0.521846096,21.36491689,0.5 ,21.4 ,1 ,21 
0.609447435,21.58477221,0.6 ,21.6 ,1 ,22 
0.697593904,21.79803252,0.7 ,21.8 ,1 ,22 
0.786292589,22.00429616,0.8 ,22.0 ,1 ,22 
0.875550711,22.20316795,0.9 ,22.2 ,1 ,22 
0.965375356,22.39424621,1.0 ,22.4 ,1 ,22 
1.055773744,22.57713362,1.1 ,22.6 ,1 ,23 
1.146752894,22.75143067,1.1 ,22.8 ,1 ,23 
1.238320093,22.91674002,1.2 ,22.9 ,1 ,23 
1.307385513,23.03458213,1.3 ,23.0 ,1 ,23 
1.353616729,23.11012892,1.4 ,23.1 ,1 ,23 
1.399998839,23.18320312,1.4 ,23.2 ,1 ,23 
1.446532786,23.25375722,1.4 ,23.3 ,1 ,23 
1.49321965,23.3217394,1.5 ,23.3 ,1 ,23 
1.540060241,23.38710214,1.5 ,23.4 ,2 ,23 
1.587055235,23.44979147,1.6 ,23.4 ,2 ,23 
1.634205844,23.50976202,1.6 ,23.5 ,2 ,24 
1.681512746,23.56696414,1.7 ,23.6 ,2 ,24 
1.728976883,23.62134384,1.7 ,23.6 ,2 ,24 
1.776599201,23.6728536,1.8 ,23.7 ,2 ,24 
1.824380645,23.72144592,1.8 ,23.7 ,2 ,24 
1.87232189,23.76706682,1.9 ,23.8 ,2 ,24 
1.920424015,23.80966878,1.9 ,23.8 ,2 ,24 
1.96868783,23.84920214,2.0 ,23.8 ,2 ,24 
2.01711428,23.88561508,2.0 ,23.9 ,2 ,24 
2.065704309,23.91886007,2.1 ,23.9 ,2 ,24 
2.114458593,23.9488853,2.1 ,23.9 ,2 ,24 
2.163378076,23.97564325,2.2 ,24.0 ,2 ,24 
2.212464108,23.9990821,2.2 ,24.0 ,2 ,24 
2.261716959,24.01915435,2.3 ,24.0 ,2 ,24 
2.311137708,24.03580816,2.3 ,24.0 ,2 ,24 
2.360727436,24.04899386,2.4 ,24.0 ,2 ,24 
2.410486951,24.05866179,2.4 ,24.1 ,2 ,24 
2.460416795,24.06476013,2.5 ,24.1 ,2 ,24 
2.510518586,24.06724352,2.5 ,24.1 ,3 ,24 
2.560792595,24.06606013,2.6 ,24.1 ,3 ,24 
2.611239901,24.06115814,2.6 ,24.1 ,3 ,24 
2.661861584,24.0524922,2.7 ,24.1 ,3 ,24 
2.712658183,24.04000616,2.7 ,24.0 ,3 ,24 
2.76363078,24.02365684,2.8 ,24.0 ,3 ,24 
2.814780452,24.00339024,2.8 ,24.0 ,3 ,24 
2.866107741,23.9791567,2.9 ,24.0 ,3 ,24 
2.917613725,23.95090656,2.9 ,24.0 ,3 ,24 
2.969299216,23.91859229,3.0 ,23.9 ,3 ,24 
3.021165291,23.88216209,3.0 ,23.9 ,3 ,24 
3.073212762,23.84156627,3.1 ,23.8 ,3 ,24 
3.125442438,23.79675733,3.1 ,23.8 ,3 ,24 
3.177855129,23.74768129,3.2 ,23.7 ,3 ,24 
3.230451914,23.69429063,3.2 ,23.7 ,3 ,24 
3.283233604,23.63653569,3.3 ,23.6 ,3 ,24 
3.336201007,23.57436463,3.3 ,23.6 ,3 ,24 
3.389355205,23.50772996,3.4 ,23.5 ,3 ,24 
3.442697006,23.43658201,3.4 ,23.4 ,3 ,23 
3.496227491,23.3608711,3.5 ,23.4 ,3 ,23 
3.549947199,23.28054541,3.5 ,23.3 ,4 ,23 
3.60385694,23.19555527,3.6 ,23.2 ,4 ,23 
3.657958064,23.10585102,3.7 ,23.1 ,4 ,23 
3.712251381,23.01138514,3.7 ,23.0 ,4 ,23 
3.76673743,22.91210581,3.8 ,22.9 ,4 ,23 
3.82141756,22.80796336,3.8 ,22.8 ,4 ,23 
3.876292313,22.69890812,3.9 ,22.7 ,4 ,23 
3.931362498,22.58489043,3.9 ,22.6 ,4 ,23 
3.986629464,22.46586061,4.0 ,22.5 ,4 ,22 
4.042093751,22.34176901,4.0 ,22.3 ,4 ,22 
4.09775617,22.21256379,4.1 ,22.2 ,4 ,22 
4.153618069,22.07819744,4.2 ,22.1 ,4 ,22 
4.209679989,21.9386203,4.2 ,21.9 ,4 ,22 
4.265942739,21.79378053,4.3 ,21.8 ,4 ,22 
4.322407399,21.64363064,4.3 ,21.6 ,4 ,22 
4.37907505,21.48811879,4.4 ,21.5 ,4 ,21 
4.43594623,21.32719532,4.4 ,21.3 ,4 ,21 
4.493022019,21.16081056,4.5 ,21.2 ,4 ,21 
4.550302958,20.98891699,4.6 ,21.0 ,5 ,21 
4.607790666,20.81146064,4.6 ,20.8 ,5 ,21 
4.665485143,20.62839616,4.7 ,20.6 ,5 ,21 
4.723388008,20.43966955,4.7 ,20.4 ,5 ,20 
4.781499802,20.24523547,4.8 ,20.2 ,5 ,20 
4.839821604,20.04503993,4.8 ,20.0 ,5 ,20 
4.898354494,19.83903543,4.9 ,19.8 ,5 ,20 
4.957098471,19.62717013,5.0 ,19.6 ,5 ,20 
5.016055696,19.40939653,5.0 ,19.4 ,5 ,19 
5.104891305,19.07154794,5.1 ,19.1 ,5 ,19 
5.224091178,18.59993549,5.2 ,18.6 ,5 ,19 
5.344158077,18.10378717,5.3 ,18.1 ,5 ,18 
5.46509794,17.58270781,5.5 ,17.6 ,5 ,18 
5.586918865,17.03629791,5.6 ,17.0 ,6 ,17 
5.709627332,16.46415795,5.7 ,16.5 ,6 ,16 
5.833230898,15.86588845,5.8 ,15.9 ,6 ,16 
5.895370564,15.5568312,5.9 ,15.6 ,6 ,16 
5.955378443,15.80472803,6.0 ,15.8 ,6 ,16 
6.074245758,16.28301971,6.1 ,16.3 ,6 ,16 
6.191607924,16.73833899,6.2 ,16.7 ,6 ,17 
6.307496254,17.17112638,6.3 ,17.2 ,6 ,17 
6.421942601,17.58181811,6.4 ,17.6 ,6 ,18 
6.534977735,17.97085039,6.5 ,18.0 ,7 ,18 
6.64663351,18.33865943,6.6 ,18.3 ,7 ,18 
6.756940698,18.6856836,6.8 ,18.7 ,7 ,19 
6.865931152,19.01235695,6.9 ,19.0 ,7 ,19 
6.94682856,19.2442729,6.9 ,19.2 ,7 ,19 
7.000364984,19.39275352,7.0 ,19.4 ,7 ,19 
7.053589904,19.53639046,7.1 ,19.5 ,7 ,20 
7.1065071,19.67524202,7.1 ,19.7 ,7 ,20 
7.159120351,19.80936003,7.2 ,19.8 ,7 ,20 
7.211433976,19.9388028,7.2 ,19.9 ,7 ,20 
7.263451754,20.06362214,7.3 ,20.1 ,7 ,20 
7.315177465,20.18387206,7.3 ,20.2 ,7 ,20 
7.366614886,20.29961084,7.4 ,20.3 ,7 ,20 
7.417768338,20.41088817,7.4 ,20.4 ,7 ,20 
7.468641599,20.51776235,7.5 ,20.5 ,7 ,21 
7.519238448,20.62028736,7.5 ,20.6 ,8 ,21 
7.569563204,20.71851719,7.6 ,20.7 ,8 ,21 
7.619619106,20.81250582,7.6 ,20.8 ,8 ,21 
7.669411014,20.90230941,7.7 ,20.9 ,8 ,21 
7.718941626,20.98797978,7.7 ,21.0 ,8 ,21 
7.768215802,21.0695774,7.8 ,21.1 ,8 ,21 
7.81723732,21.14714977,7.8 ,21.1 ,8 ,21 
7.866009419,21.22075736,7.9 ,21.2 ,8 ,21 
7.914536959,21.29044983,7.9 ,21.3 ,8 ,21 
7.962823718,21.3562855,8.0 ,21.4 ,8 ,21 
8.010872936,21.41831834,8.0 ,21.4 ,8 ,21 
8.058688932,21.47660236,8.1 ,21.5 ,8 ,21 
8.106276024,21.53119152,8.1 ,21.5 ,8 ,22 
8.153637451,21.58214198,8.2 ,21.6 ,8 ,22 
8.200777534,21.62950773,8.2 ,21.6 ,8 ,22 
8.24770005,21.67334059,8.2 ,21.7 ,8 ,22 
8.294408779,21.71370102,8.3 ,21.7 ,8 ,22 
8.340908039,21.7506387,8.3 ,21.8 ,8 ,22 
8.387201611,21.78421194,8.4 ,21.8 ,8 ,22 
8.433293272,21.81447039,8.4 ,21.8 ,8 ,22 
8.479186802,21.84147452,8.5 ,21.8 ,8 ,22 
8.52488652,21.865274,8.5 ,21.9 ,9 ,22 
8.570396205,21.88592714,8.6 ,21.9 ,9 ,22 
8.615719636,21.90348577,8.6 ,21.9 ,9 ,22 
8.660861131,21.91800603,8.7 ,21.9 ,9 ,22 
8.705823931,21.92954406,8.7 ,21.9 ,9 ,22 
8.750612354,21.93815169,8.8 ,21.9 ,9 ,22 
8.795230179,21.94388292,8.8 ,21.9 ,9 ,22 
8.839681725,21.94679604,8.8 ,21.9 ,9 ,22 
8.883970232,21.94694288,8.9 ,21.9 ,9 ,22 
8.928100017,21.94437959,8.9 ,21.9 ,9 ,22 
8.972075401,21.939158,9.0 ,21.9 ,9 ,22 
9.015899622,21.93133641,9.0 ,21.9 ,9 ,22 
9.059576999,21.92096881,9.1 ,21.9 ,9 ,22 
9.103111852,21.90810703,9.1 ,21.9 ,9 ,22 
9.146506339,21.89280937,9.1 ,21.9 ,9 ,22 
9.189766939,21.87512549,9.2 ,21.9 ,9 ,22 
9.232894732,21.85511587,9.2 ,21.9 ,9 ,22 
9.275896196,21.83283233,9.3 ,21.8 ,9 ,22 
9.31877457,21.80832886,9.3 ,21.8 ,9 ,22 
9.361532015,21.78165945,9.4 ,21.8 ,9 ,22 
9.404175007,21.75288239,9.4 ,21.8 ,9 ,22 
9.446705708,21.72204952,9.4 ,21.7 ,9 ,22 
9.489128434,21.68921483,9.5 ,21.7 ,9 ,22 
9.531448587,21.65443445,9.5 ,21.7 ,10 ,22 
9.573667244,21.61776239,9.6 ,21.6 ,10 ,22 
9.615790885,21.57925477,9.6 ,21.6 ,10 ,22 
9.678804129,21.51816562,9.7 ,21.5 ,10 ,22 
9.762523421,21.4307979,9.8 ,21.4 ,10 ,21 
9.84592743,21.33706408,9.8 ,21.3 ,10 ,21 
9.929050709,21.23740469,9.9 ,21.2 ,10 ,21 
10.01192241,21.13225377,10.0 ,21.1 ,10 ,21 
10.09457493,21.02204969,10.1 ,21.0 ,10 ,21 
10.17703957,20.90723084,10.2 ,20.9 ,10 ,21 
10.25934657,20.78823126,10.3 ,20.8 ,10 ,21 
10.3415294,20.66549148,10.3 ,20.7 ,10 ,21 
10.42361721,20.53944555,10.4 ,20.5 ,10 ,21 
10.54664204,20.34513672,10.5 ,20.3 ,11 ,20 
10.71063736,20.07856781,10.7 ,20.1 ,11 ,20 
10.95706276,19.66976993,11.0 ,19.7 ,11 ,20 
11.20475793,19.26072372,11.2 ,19.3 ,11 ,19 
11.32934621,19.05979612,11.3 ,19.1 ,11 ,19 
11.4127513,18.92817661,11.4 ,18.9 ,11 ,19 
11.4964706,18.79893252,11.5 ,18.8 ,11 ,19 
11.58053432,18.67250221,11.6 ,18.7 ,12 ,19 
11.6649738,18.5493219,11.7 ,18.5 ,12 ,19 
11.74982141,18.42982996,11.7 ,18.4 ,12 ,18 
11.79240767,18.37160225,11.8 ,18.4 ,12 ,18 
11.81376754,18.34333684,11.8 ,18.3 ,12 ,18 
11.8567161,18.29025498,11.9 ,18.3 ,12 ,18 
11.89995835,18.24169073,11.9 ,18.2 ,12 ,18 
11.94347916,18.19754691,11.9 ,18.2 ,12 ,18 
11.98726451,18.15772634,12.0 ,18.2 ,12 ,18 
12.03130252,18.12213184,12.0 ,18.1 ,12 ,18 
12.07557807,18.09066625,12.1 ,18.1 ,12 ,18 
12.12007712,18.06323023,12.1 ,18.1 ,12 ,18 
12.16478673,18.03972875,12.2 ,18.0 ,12 ,18 
12.20969284,18.02006464,12.2 ,18.0 ,12 ,18 
12.25478143,18.00413857,12.3 ,18.0 ,12 ,18 
12.30003846,17.99185553,12.3 ,18.0 ,12 ,18 
12.34545096,17.98311616,12.3 ,18.0 ,12 ,18 
12.39100492,17.97782331,12.4 ,18.0 ,12 ,18 
12.43668628,17.97587979,12.4 ,18.0 ,12 ,18 
12.4824821,17.97718843,12.5 ,18.0 ,12 ,18 
12.52837725,17.98165205,12.5 ,18.0 ,13 ,18 
12.57435877,17.98917347,12.6 ,18.0 ,13 ,18 
12.62041156,17.99965336,12.6 ,18.0 ,13 ,18 
12.66652482,18.01299887,12.7 ,18.0 ,13 ,18 
12.71268127,18.02910633,12.7 ,18.0 ,13 ,18 
12.7588701,18.04788505,12.8 ,18.0 ,13 ,18 
12.80507622,18.06923138,12.8 ,18.1 ,13 ,18 
12.85128557,18.09305246,12.9 ,18.1 ,13 ,18 
12.89748412,18.11924896,12.9 ,18.1 ,13 ,18 
12.94365892,18.14772369,12.9 ,18.1 ,13 ,18 
12.98979593,18.17838164,13.0 ,18.2 ,13 ,18 
13.03588112,18.21112132,13.0 ,18.2 ,13 ,18 
13.08190152,18.24584554,13.1 ,18.2 ,13 ,18 
13.12784309,18.28246146,13.1 ,18.3 ,13 ,18 
13.19657569,18.34071308,13.2 ,18.3 ,13 ,18 
13.28781424,18.42408362,13.3 ,18.4 ,13 ,18 
13.3784881,18.51325881,13.4 ,18.5 ,13 ,19 
13.46848712,18.60745691,13.5 ,18.6 ,13 ,19 
13.55770009,18.70590053,13.6 ,18.7 ,14 ,19 
13.64601905,18.80781009,13.6 ,18.8 ,14 ,19 
13.73333169,18.91240819,13.7 ,18.9 ,14 ,19 
13.81952897,19.01891309,13.8 ,19.0 ,14 ,19 
13.90449968,19.1265474,13.9 ,19.1 ,14 ,19 
14.11083998,19.39546365,14.1 ,19.4 ,14 ,19 
14.34499961,19.70391542,14.3 ,19.7 ,14 ,20 
14.45571008,19.84617678,14.5 ,19.8 ,14 ,20 
14.52690446,19.93480346,14.5 ,19.9 ,15 ,20 
14.59588107,20.01754776,14.6 ,20.0 ,15 ,20 
14.6625287,20.09363225,14.7 ,20.1 ,15 ,20 
14.72673829,20.16227523,14.7 ,20.2 ,15 ,20 
14.78839971,20.22270143,14.8 ,20.2 ,15 ,20 
14.83290632,20.26215921,14.8 ,20.3 ,15 ,20 
14.86172332,20.28549225,14.9 ,20.3 ,15 ,20 
14.88984066,20.30632895,14.9 ,20.3 ,15 ,20 
14.91724646,20.3245786,14.9 ,20.3 ,15 ,20 
14.94392451,20.34013972,14.9 ,20.3 ,15 ,20 
14.96986187,20.35291512,15.0 ,20.4 ,15 ,20 
14.99504557,20.36280764,15.0 ,20.4 ,15 ,20 
15.0194605,20.36972225,15.0 ,20.4 ,15 ,20 
15.04309371,20.37355963,15.0 ,20.4 ,15 ,20 
15.06593115,20.37422258,15.1 ,20.4 ,15 ,20 
15.08795987,20.37161179,15.1 ,20.4 ,15 ,20 
15.10916476,20.36563438,15.1 ,20.4 ,15 ,20 
15.12953285,20.35618888,15.1 ,20.4 ,15 ,20 
15.14905011,20.34318025,15.1 ,20.3 ,15 ,20 
15.16770251,20.32651132,15.2 ,20.3 ,15 ,20 
15.18547708,20.30608277,15.2 ,20.3 ,15 ,20 
15.20235979,20.2817974,15.2 ,20.3 ,15 ,20 
15.21833553,20.25356021,15.2 ,20.3 ,15 ,20 
15.23339241,20.22127186,15.2 ,20.2 ,15 ,20 
15.24751532,20.18483518,15.2 ,20.2 ,15 ,20 
15.26069131,20.14415298,15.3 ,20.1 ,15 ,20 
15.27290633,20.0991281,15.3 ,20.1 ,15 ,20 
15.28414744,20.04966335,15.3 ,20.0 ,15 ,20 
15.29439843,19.9956594,15.3 ,20.0 ,15 ,20 
15.30364851,19.93702124,15.3 ,19.9 ,15 ,20 
15.31188147,19.87365168,15.3 ,19.9 ,15 ,20 
15.31908437,19.8054514,15.3 ,19.8 ,15 ,20 
15.32524425,19.73232537,15.3 ,19.7 ,15 ,20 
15.33249682,19.61318326,15.3 ,19.6 ,15 ,20 
15.33838461,19.43617608,15.3 ,19.4 ,15 ,19 
15.33984981,19.23770596,15.3 ,19.2 ,15 ,19 
15.33678229,19.01699549,15.3 ,19.0 ,15 ,19 
15.32907191,18.77326726,15.3 ,18.8 ,15 ,19 
15.31660747,18.50573954,15.3 ,18.5 ,15 ,19 
15.2992799,18.21363709,15.3 ,18.2 ,15 ,18 
15.27697801,17.89617819,15.3 ,17.9 ,15 ,18 
15.24959165,17.55258325,15.2 ,17.6 ,15 ,18 
15.21701177,17.18207488,15.2 ,17.2 ,15 ,17 
15.17912717,16.78387566,15.2 ,16.8 ,15 ,17 
15.13582662,16.35720172,15.1 ,16.4 ,15 ,16 
15.08700215,15.90127995,15.1 ,15.9 ,15 ,16 
15.03254255,15.41532648,15.0 ,15.4 ,15 ,15 
15.00316424,15.16084569,15.0 ,15.2 ,15 ,15 
14.98860172,15.03213772,15.0 ,15.0 ,15 ,15 
14.96237716,14.77755601,15.0 ,14.8 ,15 ,15 
14.93995217,14.52672206,14.9 ,14.5 ,15 ,15 
14.92124471,14.27960238,14.9 ,14.3 ,15 ,14 
14.90617703,14.0361592,14.9 ,14.0 ,15 ,14 
14.89466707,13.79635796,14.9 ,13.8 ,15 ,14 
14.88663493,13.56016303,14.9 ,13.6 ,15 ,14 
14.88200072,13.32753986,14.9 ,13.3 ,15 ,13 
14.88068452,13.09845174,14.9 ,13.1 ,15 ,13 
14.88260645,12.87286303,14.9 ,12.9 ,15 ,13 
14.88768444,12.65073919,14.9 ,12.7 ,15 ,13 
14.89583966,12.43204457,14.9 ,12.4 ,15 ,12 
14.90699223,12.21674249,14.9 ,12.2 ,15 ,12 
14.92106116,12.00479837,14.9 ,12.0 ,15 ,12 
14.93796654,11.79617659,14.9 ,11.8 ,15 ,12 
14.95762741,11.59084153,15.0 ,11.6 ,15 ,12 
14.97996493,11.38875753,15.0 ,11.4 ,15 ,11 
15.00489706,11.18989007,15.0 ,11.2 ,15 ,11 
15.03234496,10.99420134,15.0 ,11.0 ,15 ,11 
15.06222875,10.80165895,15.1 ,10.8 ,15 ,11 
15.09446743,10.61222512,15.1 ,10.6 ,15 ,11 
15.12898003,10.42586421,15.1 ,10.4 ,15 ,10 
15.16568772,10.24254274,15.2 ,10.2 ,15 ,10 
15.20450954,10.06222294,15.2 ,10.1 ,15 ,10 
15.24536665,9.884870244,15.2 ,9.9 ,15 ,10 
15.28817593,9.710449024,15.3 ,9.7 ,15 ,10 
15.33285961,9.538924729,15.3 ,9.5 ,15 ,10 
15.37933674,9.370259568,15.4 ,9.4 ,15 ,9 
15.42752632,9.204420069,15.4 ,9.2 ,15 ,9 
15.47734954,9.041370601,15.5 ,9.0 ,15 ,9 
15.52872542,8.881074454,15.5 ,8.9 ,16 ,9 
15.58157405,8.723497076,15.6 ,8.7 ,16 ,9 
15.63581446,8.568602835,15.6 ,8.6 ,16 ,9 
15.69136783,8.416356101,15.7 ,8.4 ,16 ,8 
15.74815209,8.266720162,15.7 ,8.3 ,16 ,8 
15.80608843,8.119661547,15.8 ,8.1 ,16 ,8 
15.86509586,7.975143544,15.9 ,8.0 ,16 ,8 
15.92509449,7.833131603,15.9 ,7.8 ,16 ,8 
15.98600441,7.693587933,16.0 ,7.7 ,16 ,8 
16.04774465,7.556480141,16.0 ,7.6 ,16 ,8 
16.1102353,7.421770437,16.1 ,7.4 ,16 ,7 
16.17339647,7.28942319,16.2 ,7.3 ,16 ,7 
16.23714825,7.159404928,16.2 ,7.2 ,16 ,7 
16.30140859,7.031677861,16.3 ,7.0 ,16 ,7 
16.39858136,6.844308477,16.4 ,6.8 ,16 ,7 
16.52917943,6.602173934,16.5 ,6.6 ,17 ,7 
16.66037245,6.368568205,16.7 ,6.4 ,17 ,6 
16.79152011,6.1432084,16.8 ,6.1 ,17 ,6 
16.92197782,5.92580947,16.9 ,5.9 ,17 ,6 
17.05110638,5.716087985,17.1 ,5.7 ,17 ,6 
17.24090085,5.415278566,17.2 ,5.4 ,17 ,5 
17.48331504,5.038416504,17.5 ,5.0 ,17 ,5 
17.65433402,4.772689784,17.7 ,4.8 ,18 ,5 
17.76200396,4.603063121,17.8 ,4.6 ,18 ,5 
17.8638509,4.439124493,17.9 ,4.4 ,18 ,4 
17.95923239,4.280589931,18.0 ,4.3 ,18 ,4 
18.04750924,4.127174385,18.0 ,4.1 ,18 ,4 
18.12803792,3.978594965,18.1 ,4.0 ,18 ,4 
18.18296396,3.870162194,18.2 ,3.9 ,18 ,4 
18.2168244,3.799237204,18.2 ,3.8 ,18 ,4 
18.24838717,3.729361174,18.2 ,3.7 ,18 ,4 
18.27757236,3.660498475,18.3 ,3.7 ,18 ,4 
18.30430008,3.592614014,18.3 ,3.6 ,18 ,4 
18.32848827,3.52567162,18.3 ,3.5 ,18 ,4 
18.35005703,3.459636202,18.4 ,3.5 ,18 ,3 
18.36892645,3.394472669,18.4 ,3.4 ,18 ,3 
18.38501664,3.33014485,18.4 ,3.3 ,18 ,3 
18.39824769,3.266617653,18.4 ,3.3 ,18 ,3 
18.40853755,3.203854908,18.4 ,3.2 ,18 ,3 
18.41580848,3.141821522,18.4 ,3.1 ,18 ,3 
18.41998057,3.080482405,18.4 ,3.1 ,18 ,3 
18.4209696,3.019801386,18.4 ,3.0 ,18 ,3 
18.4187,2.959743372,18.4 ,3.0 ,18 ,3 
18.41308755,2.900272194,18.4 ,2.9 ,18 ,3 
18.4040545,2.8413533,18.4 ,2.8 ,18 ,3 
18.39152095,2.782949978,18.4 ,2.8 ,18 ,3 
18.37540485,2.725028217,18.4 ,2.7 ,18 ,3 
18.35562629,2.667550767,18.4 ,2.7 ,18 ,3 
18.33210754,2.610483615,18.3 ,2.6 ,18 ,3 
18.30476653,2.553790591,18.3 ,2.6 ,18 ,3 
18.2735212,2.497436064,18.3 ,2.5 ,18 ,2 
18.23829382,2.441384941,18.2 ,2.4 ,18 ,2 
18.19900448,2.385601053,18.2 ,2.4 ,18 ,2 
18.15557112,2.330049307,18.2 ,2.3 ,18 ,2 
18.10791385,2.274694073,18.1 ,2.3 ,18 ,2 
18.05595276,2.219500259,18.1 ,2.2 ,18 ,2 
17.99960795,2.164431693,18.0 ,2.2 ,18 ,2 
17.93879952,2.109453286,17.9 ,2.1 ,18 ,2 
17.87344649,2.054529405,17.9 ,2.1 ,18 ,2 
17.80347005,1.99962442,17.8 ,2.0 ,18 ,2 
17.72878704,1.944702699,17.7 ,1.9 ,18 ,2 
17.64932082,1.88972915,17.6 ,1.9 ,18 ,2 
17.56498824,1.834667603,17.6 ,1.8 ,18 ,2 
17.47571048,1.779483507,17.5 ,1.8 ,17 ,2 
17.38140656,1.72414069,17.4 ,1.7 ,17 ,2 
17.28199766,1.66860352,17.3 ,1.7 ,17 ,2 
17.17740173,1.612836907,17.2 ,1.6 ,17 ,2 
17.06753993,1.55680468,17.1 ,1.6 ,17 ,2 
16.95233129,1.500472287,17.0 ,1.5 ,17 ,2 
16.83169699,1.443803557,16.8 ,1.4 ,17 ,1 
16.70555389,1.386762859,16.7 ,1.4 ,17 ,1 
16.57382533,1.329315101,16.6 ,1.3 ,17 ,1 
16.43642817,1.271424113,16.4 ,1.3 ,16 ,1 
16.29328359,1.213055343,16.3 ,1.2 ,16 ,1 
16.14431061,1.154172619,16.1 ,1.2 ,16 ,1 
15.9894304,1.094740312,16.0 ,1.1 ,16 ,1 
15.82856092,1.034723598,15.8 ,1.0 ,16 ,1 
15.66162333,0.974086308,15.7 ,1.0 ,16 ,1 
15.48853774,0.91279308,15.5 ,0.9 ,15 ,1 
15.30922209,0.850808282,15.3 ,0.9 ,15 ,1 
15.21720335,0.819545625,15.2 ,0.8 ,15 ,1 
15.03234712,0.757615139,15.0 ,0.8 ,15 ,1 
14.66724498,0.63835723,14.7 ,0.6 ,15 ,1 
14.30833186,0.525068898,14.3 ,0.5 ,14 ,1 
13.95565421,0.417549582,14.0 ,0.4 ,14 ,0 
13.60926276,0.315598181,13.6 ,0.3 ,14 ,0 
13.26920611,0.219013865,13.3 ,0.2 ,13 ,0 
12.93553285,0.127595534,12.9 ,0.1 ,13 ,0 
12.60829264,0.041142897,12.6 ,0.0 ,13 ,0 
12.28753298,-0.040545417,12.3 ,0.0 ,12 ,0 
11.97330572,-0.117669967,12.0 ,-0.1 ,12 ,0 
11.66565727,-0.190431854,11.7 ,-0.2 ,12 ,0 
11.3646373,-0.259031908,11.4 ,-0.3 ,11 ,0 
11.07029549,-0.323670691,11.1 ,-0.3 ,11 ,0 
10.78268041,-0.384549571,10.8 ,-0.4 ,11 ,0 
10.50184066,-0.441869111,10.5 ,-0.4 ,11 ,0 
10.22782591,-0.495830139,10.2 ,-0.5 ,10 ,0 
9.96068366,-0.546633487,10.0 ,-0.5 ,10 ,-1 
9.700465741,-0.594480525,9.7 ,-0.6 ,10 ,-1 
9.323224152,-0.661146237,9.3 ,-0.7 ,9 ,-1 
8.844922212,-0.741560465,8.8 ,-0.7 ,9 ,-1 
8.395192718,-0.81376332,8.4 ,-0.8 ,8 ,-1 
7.77502892,-0.910187295,7.8 ,-0.9 ,8 ,-1 
7.221357266,-0.99717521,7.2 ,-1.0 ,7 ,-1 
6.88983591,-1.052603192,6.9 ,-1.1 ,7 ,-1 
6.661209912,-1.093970479,6.7 ,-1.1 ,7 ,-1 
6.518415704,-1.121828412,6.5 ,-1.1 ,7 ,-1 
6.383376681,-1.150144287,6.4 ,-1.2 ,6 ,-1 
6.256141972,-1.179119203,6.3 ,-1.2 ,6 ,-1 
6.136760704,-1.208953858,6.1 ,-1.2 ,6 ,-1 
6.025282005,-1.239849216,6.0 ,-1.2 ,6 ,-1 
5.921755003,-1.272006242,5.9 ,-1.3 ,6 ,-1 
5.826227747,-1.305625497,5.8 ,-1.3 ,6 ,-1 
5.738750442,-1.340908082,5.7 ,-1.3 ,6 ,-1 
5.678453808,-1.368582325,5.7 ,-1.4 ,6 ,-1 
5.640797564,-1.387656356,5.6 ,-1.4 ,6 ,-1 
5.605180937,-1.407259052,5.6 ,-1.4 ,6 ,-1 
5.571609865,-1.427415651,5.6 ,-1.4 ,6 ,-1 
5.540091366,-1.448151392,5.5 ,-1.4 ,6 ,-1 
5.510631379,-1.469491108,5.5 ,-1.5 ,6 ,-1 
5.483235302,-1.491460175,5.5 ,-1.5 ,5 ,-1 
5.457910154,-1.51408356,5.5 ,-1.5 ,5 ,-2 
5.434661334,-1.537386502,5.4 ,-1.5 ,5 ,-2 
5.413495859,-1.561393835,5.4 ,-1.6 ,5 ,-2 
5.394418589,-1.586131068,5.4 ,-1.6 ,5 ,-2 
5.377436541,-1.6116229,5.4 ,-1.6 ,5 ,-2 
5.362555655,-1.637894704,5.4 ,-1.6 ,5 ,-2 
5.349781868,-1.664971449,5.3 ,-1.7 ,5 ,-2 
5.33912166,-1.692878375,5.3 ,-1.7 ,5 ,-2 
5.330580968,-1.721640449,5.3 ,-1.7 ,5 ,-2 
5.324166272,-1.751282911,5.3 ,-1.8 ,5 ,-2 
5.31988297,-1.78183073,5.3 ,-1.8 ,5 ,-2 
5.317737539,-1.813309144,5.3 ,-1.8 ,5 ,-2 
5.31773592,-1.845743257,5.3 ,-1.8 ,5 ,-2 
5.319884589,-1.879158038,5.3 ,-1.9 ,5 ,-2 
5.324189486,-1.913578725,5.3 ,-1.9 ,5 ,-2 
5.33065655,-1.949030423,5.3 ,-1.9 ,5 ,-2 
5.339292798,-1.9855381,5.3 ,-2.0 ,5 ,-2 
5.350103089,-2.02312713,5.4 ,-2.0 ,5 ,-2 
5.363093902,-2.061822348,5.4 ,-2.1 ,5 ,-2 
5.378272255,-2.10164899,5.4 ,-2.1 ,5 ,-2 
5.395643006,-2.142632163,5.4 ,-2.1 ,5 ,-2 
5.415213175,-2.184796968,5.4 ,-2.2 ,5 ,-2 
5.436988699,-2.228168511,5.4 ,-2.2 ,5 ,-2 
5.473800051,-2.295543406,5.5 ,-2.3 ,5 ,-2 
5.530657195,-2.389834503,5.5 ,-2.4 ,6 ,-2 
5.596445894,-2.489404484,5.6 ,-2.5 ,6 ,-2 
5.671214195,-2.594454315,5.7 ,-2.6 ,6 ,-3 
5.755012308,-2.705184691,5.8 ,-2.7 ,6 ,-3 
5.847888279,-2.821796612,5.8 ,-2.8 ,6 ,-3 
5.949891237,-2.944490873,5.9 ,-2.9 ,6 ,-3 
6.06107031,-3.073468407,6.1 ,-3.1 ,6 ,-3 
6.120116365,-3.140376147,6.1 ,-3.1 ,6 ,-3 
6.150340512,-3.173867522,6.2 ,-3.2 ,6 ,-3 
6.211518749,-3.238639913,6.2 ,-3.2 ,6 ,-3 
6.273641752,-3.300512488,6.3 ,-3.3 ,6 ,-3 
6.336676051,-3.359542045,6.3 ,-3.4 ,6 ,-3 
6.400588172,-3.415785377,6.4 ,-3.4 ,6 ,-3 
6.465345186,-3.469299277,6.5 ,-3.5 ,6 ,-3 
6.530913079,-3.520140551,6.5 ,-3.5 ,7 ,-4 
6.59725892,-3.568365985,6.6 ,-3.6 ,7 ,-4 
6.664348697,-3.614032366,6.7 ,-3.6 ,7 ,-4 
6.732149479,-3.657196499,6.7 ,-3.7 ,7 ,-4 
6.800627793,-3.69791517,6.8 ,-3.7 ,7 ,-4 
6.869750169,-3.736245167,6.9 ,-3.7 ,7 ,-4 
6.939483134,-3.772243312,6.9 ,-3.8 ,7 ,-4 
7.009793216,-3.805966356,7.0 ,-3.8 ,7 ,-4 
7.080647484,-3.837471156,7.1 ,-3.8 ,7 ,-4 
7.152011386,-3.866814431,7.2 ,-3.9 ,7 ,-4 
7.22385253,-3.894053069,7.2 ,-3.9 ,7 ,-4 
7.296137445,-3.919243723,7.3 ,-3.9 ,7 ,-4 
7.368832119,-3.942443348,7.4 ,-3.9 ,7 ,-4 
7.44190308,-3.96370863,7.4 ,-4.0 ,7 ,-4 
7.515317935,-3.983096392,7.5 ,-4.0 ,8 ,-4 
7.589042135,-4.000663452,7.6 ,-4.0 ,8 ,-4 
7.663042746,-4.016466633,7.7 ,-4.0 ,8 ,-4 
7.737286297,-4.030562621,7.7 ,-4.0 ,8 ,-4 
7.811739317,-4.043008236,7.8 ,-4.0 ,8 ,-4 
7.886368333,-4.053860367,7.9 ,-4.1 ,8 ,-4 
7.961140414,-4.063175767,8.0 ,-4.1 ,8 ,-4 
8.036021548,-4.07101119,8.0 ,-4.1 ,8 ,-4 
8.148474706,-4.080113613,8.1 ,-4.1 ,8 ,-4 
8.298482613,-4.087600417,8.3 ,-4.1 ,8 ,-4 
8.448325861,-4.090189753,8.4 ,-4.1 ,8 ,-4 
8.597737215,-4.088335918,8.6 ,-4.1 ,9 ,-4 
8.746448902,-4.082493278,8.7 ,-4.1 ,9 ,-4 
8.894194228,-4.073116131,8.9 ,-4.1 ,9 ,-4 
9.040704338,-4.060658908,9.0 ,-4.1 ,9 ,-4 
9.185713619,-4.045575977,9.2 ,-4.0 ,9 ,-4 
9.328953217,-4.028321634,9.3 ,-4.0 ,9 ,-4 
9.470156438,-4.009350245,9.5 ,-4.0 ,9 ,-4 
9.677558116,-3.978667595,9.7 ,-4.0 ,10 ,-4 
9.944471462,-3.935988431,9.9 ,-3.9 ,10 ,-4 
10.19842477,-3.894619524,10.2 ,-3.9 ,10 ,-4 
10.37909872,-3.866639244,10.4 ,-3.9 ,10 ,-4 
10.49438402,-3.850288335,10.5 ,-3.9 ,10 ,-4 
10.60522622,-3.836309566,10.6 ,-3.8 ,11 ,-4 
10.71135862,-3.825157336,10.7 ,-3.8 ,11 ,-4 
10.81251237,-3.817285944,10.8 ,-3.8 ,11 ,-4 
10.90842077,-3.813149789,10.9 ,-3.8 ,11 ,-4 
10.99881713,-3.813203202,11.0 ,-3.8 ,11 ,-4 
11.06283669,-3.816266001,11.1 ,-3.8 ,11 ,-4 
11.10365385,-3.819853753,11.1 ,-3.8 ,11 ,-4 
11.14294211,-3.824744473,11.1 ,-3.8 ,11 ,-4 
11.18066908,-3.830994949,11.2 ,-3.8 ,11 ,-4 
11.2168002,-3.838661967,11.2 ,-3.8 ,11 ,-4 
11.25130308,-3.84780235,11.3 ,-3.8 ,11 ,-4 
11.28414317,-3.858472883,11.3 ,-3.9 ,11 ,-4 
11.315287,-3.870730354,11.3 ,-3.9 ,11 ,-4 
11.34470326,-3.884631585,11.3 ,-3.9 ,11 ,-4 
11.37235524,-3.900233261,11.4 ,-3.9 ,11 ,-4 
11.39821269,-3.917592338,11.4 ,-3.9 ,11 ,-4 
11.42224,-3.936765502,11.4 ,-3.9 ,11 ,-4 
11.44440477,-3.957809574,11.4 ,-4.0 ,11 ,-4 
11.46467353,-3.980781376,11.5 ,-4.0 ,11 ,-4 
11.4830128,-4.00573766,11.5 ,-4.0 ,11 ,-4 
11.49938804,-4.032735247,11.5 ,-4.0 ,11 ,-4 
11.51376685,-4.061830959,11.5 ,-4.1 ,12 ,-4 
11.52611684,-4.093081482,11.5 ,-4.1 ,12 ,-4 
11.53640238,-4.126543771,11.5 ,-4.1 ,12 ,-4 
11.54459216,-4.162274445,11.5 ,-4.2 ,12 ,-4 
11.55065054,-4.200330392,11.6 ,-4.2 ,12 ,-4 
11.55454622,-4.240768434,11.6 ,-4.2 ,12 ,-4 
11.55624464,-4.283645324,11.6 ,-4.3 ,12 ,-4 
11.55571233,-4.329017883,11.6 ,-4.3 ,12 ,-4 
11.5529169,-4.376942864,11.6 ,-4.4 ,12 ,-4 
11.54782272,-4.427477088,11.5 ,-4.4 ,12 ,-4 
11.54039955,-4.480677377,11.5 ,-4.5 ,12 ,-4 
11.53061069,-4.536600416,11.5 ,-4.5 ,12 ,-5 
11.51842482,-4.595303094,11.5 ,-4.6 ,12 ,-5 
11.50380846,-4.656842232,11.5 ,-4.7 ,12 ,-5 
11.48672708,-4.721274515,11.5 ,-4.7 ,11 ,-5 
11.46714719,-4.7886569,11.5 ,-4.8 ,11 ,-5 
11.44503749,-4.859046073,11.4 ,-4.9 ,11 ,-5 
11.42036234,-4.93249872,11.4 ,-4.9 ,11 ,-5 
11.39308828,-5.009071796,11.4 ,-5.0 ,11 ,-5 
11.36318398,-5.088822122,11.4 ,-5.1 ,11 ,-5 
11.31331865,-5.214529009,11.3 ,-5.2 ,11 ,-5 
11.23731082,-5.393788379,11.2 ,-5.4 ,11 ,-5 
11.15017417,-5.58677872,11.2 ,-5.6 ,11 ,-6 
11.05164201,-5.793954734,11.1 ,-5.8 ,11 ,-6 
10.94144766,-6.015770314,10.9 ,-6.0 ,11 ,-6 
10.81932333,-6.252679757,10.8 ,-6.3 ,11 ,-6 
10.68500125,-6.505137902,10.7 ,-6.5 ,11 ,-7 
10.53821472,-6.773598776,10.5 ,-6.8 ,11 ,-7 
10.3786949,-7.058516678,10.4 ,-7.1 ,10 ,-7 
10.29407725,-7.207289173,10.3 ,-7.2 ,10 ,-7 
10.26053643,-7.370464896,10.3 ,-7.4 ,10 ,-7 
10.19536804,-7.697559345,10.2 ,-7.7 ,10 ,-8 
10.13270787,-8.025560231,10.1 ,-8.0 ,10 ,-8 
10.07250409,-8.354365517,10.1 ,-8.4 ,10 ,-8 
10.0147038,-8.68387479,10.0 ,-8.7 ,10 ,-9 
9.959254093,-9.013985475,10.0 ,-9.0 ,10 ,-9 
9.906103135,-9.344597695,9.9 ,-9.3 ,10 ,-9 
9.855199101,-9.675608878,9.9 ,-9.7 ,10 ,-10 
9.806489087,-10.00691861,9.8 ,-10.0 ,10 ,-10 
9.759920183,-10.33842485,9.8 ,-10.3 ,10 ,-10 
9.715441644,-10.6700261,9.7 ,-10.7 ,10 ,-11 
9.672999482,-11.00162196,9.7 ,-11.0 ,10 ,-11 
9.63254187,-11.33311038,9.6 ,-11.3 ,10 ,-11 
9.59401698,-11.66438988,9.6 ,-11.7 ,10 ,-12 
9.557371907,-11.99535949,9.6 ,-12.0 ,10 ,-12 
9.522553743,-12.32591773,9.5 ,-12.3 ,10 ,-12 
9.48951174,-12.65596363,9.5 ,-12.7 ,9 ,-13 
9.458191912,-12.98539462,9.5 ,-13.0 ,9 ,-13 
9.428542432,-13.31411083,9.4 ,-13.3 ,9 ,-13 
9.400511472,-13.64200968,9.4 ,-13.6 ,9 ,-14 
9.374046125,-13.96899076,9.4 ,-14.0 ,9 ,-14 
9.349094565,-14.29495257,9.3 ,-14.3 ,9 ,-14 
9.314389773,-14.78176119,9.3 ,-14.8 ,9 ,-15 
9.272924769,-15.42632534,9.3 ,-15.4 ,9 ,-15 
9.236571224,-16.06498767,9.2 ,-16.1 ,9 ,-16 
9.2049102,-16.6969373,9.2 ,-16.7 ,9 ,-17 
9.177521682,-17.32136227,9.2 ,-17.3 ,9 ,-17 
9.153987812,-17.93745277,9.2 ,-17.9 ,9 ,-18 
9.133889653,-18.54439685,9.1 ,-18.5 ,9 ,-19 
9.11680827,-19.14138579,9.1 ,-19.1 ,9 ,-19 
9.102324726,-19.72760655,9.1 ,-19.7 ,9 ,-20 
9.084553393,-20.58497645,9.1 ,-20.6 ,9 ,-21 
9.066041363,-21.68288288,9.1 ,-21.7 ,9 ,-22 
9.050380909,-22.72312616,9.1 ,-22.7 ,9 ,-23 
9.034221619,-23.69921814,9.0 ,-23.7 ,9 ,-24 
9.01975751,-24.38528725,9.0 ,-24.4 ,9 ,-24 
9.008213,-24.81924076,9.0 ,-24.8 ,9 ,-25 
8.994659106,-25.23350857,9.0 ,-25.2 ,9 ,-25 
8.978675812,-25.62727872,9.0 ,-25.6 ,9 ,-26 
8.95984526,-25.99974141,9.0 ,-26.0 ,9 ,-26 
8.937748515,-26.35008468,8.9 ,-26.4 ,9 ,-26 
8.918779758,-26.59784031,8.9 ,-26.6 ,9 ,-27 
8.904895466,-26.75567575,8.9 ,-26.8 ,9 ,-27 
8.889958434,-26.90752514,8.9 ,-26.9 ,9 ,-27 
8.873917374,-27.05328699,8.9 ,-27.1 ,9 ,-27 
8.856718839,-27.19286198,8.9 ,-27.2 ,9 ,-27 
8.838311004,-27.32614643,8.8 ,-27.3 ,9 ,-27 
8.8186415,-27.45303887,8.8 ,-27.5 ,9 ,-27 
8.79765796,-27.57343994,8.8 ,-27.6 ,9 ,-28 
8.775308018,-27.68724817,8.8 ,-27.7 ,9 ,-28 
8.751539305,-27.79435988,8.8 ,-27.8 ,9 ,-28 
8.726299457,-27.8946736,8.7 ,-27.9 ,9 ,-28 
8.699536104,-27.98808998,8.7 ,-28.0 ,9 ,-28 
8.67119688,-28.07450968,8.7 ,-28.1 ,9 ,-28 
8.641229958,-28.1538269,8.6 ,-28.2 ,9 ,-28 
8.609581891,-28.22594014,8.6 ,-28.2 ,9 ,-28 
8.576200852,-28.29075222,8.6 ,-28.3 ,9 ,-28 
8.549996261,-28.33450734,8.5 ,-28.3 ,9 ,-28 
8.531957694,-28.36134303,8.5 ,-28.4 ,9 ,-28 
8.513457002,-28.38629567,8.5 ,-28.4 ,9 ,-28 
8.494486625,-28.4093523,8.5 ,-28.4 ,8 ,-28 
8.475040086,-28.43049996,8.5 ,-28.4 ,8 ,-28 
8.455111985,-28.44972785,8.5 ,-28.4 ,8 ,-28 
8.434694226,-28.46702302,8.4 ,-28.5 ,8 ,-28 
8.413781949,-28.48237035,8.4 ,-28.5 ,8 ,-28 
8.392367055,-28.49575905,8.4 ,-28.5 ,8 ,-28 
8.370443608,-28.50717615,8.4 ,-28.5 ,8 ,-29 
8.348005667,-28.5166087,8.3 ,-28.5 ,8 ,-29 
8.325045675,-28.5240459,8.3 ,-28.5 ,8 ,-29 
8.301557694,-28.52947264,8.3 ,-28.5 ,8 ,-29 
8.277535244,-28.53287812,8.3 ,-28.5 ,8 ,-29 
8.252971309,-28.53424723,8.3 ,-28.5 ,8 ,-29 
8.227859408,-28.53356915,8.2 ,-28.5 ,8 ,-29 
8.202193604,-28.53083095,8.2 ,-28.5 ,8 ,-29 
8.175966879,-28.52602182,8.2 ,-28.5 ,8 ,-29 
8.149172214,-28.51912448,8.1 ,-28.5 ,8 ,-29 
8.12180421,-28.5101303,8.1 ,-28.5 ,8 ,-29 
8.09385531,-28.49902416,8.1 ,-28.5 ,8 ,-28 
8.065319575,-28.48579527,8.1 ,-28.5 ,8 ,-28 
8.036190526,-28.47043066,8.0 ,-28.5 ,8 ,-28 
8.006461145,-28.45291522,8.0 ,-28.5 ,8 ,-28 
7.976124955,-28.43324032,8.0 ,-28.4 ,8 ,-28 
7.945175475,-28.41139084,7.9 ,-28.4 ,8 ,-28 
7.897587303,-28.37451146,7.9 ,-28.4 ,8 ,-28 
7.831929253,-28.31761167,7.8 ,-28.3 ,8 ,-28 
7.763700356,-28.25178464,7.8 ,-28.3 ,8 ,-28 
7.692848248,-28.1769332,7.7 ,-28.2 ,8 ,-28 
7.61932056,-28.09295369,7.6 ,-28.1 ,8 ,-28 
7.543065465,-27.99974462,7.5 ,-28.0 ,8 ,-28 
7.464030057,-27.89720665,7.5 ,-27.9 ,7 ,-28 
7.382161968,-27.78523614,7.4 ,-27.8 ,7 ,-28 
7.297409371,-27.66373157,7.3 ,-27.7 ,7 ,-28 
7.20971936,-27.53259363,7.2 ,-27.5 ,7 ,-28 
7.119040106,-27.3917208,7.1 ,-27.4 ,7 ,-27 
7.025318703,-27.24100945,7.0 ,-27.2 ,7 ,-27 
6.928502784,-27.08036023,6.9 ,-27.1 ,7 ,-27 
6.828539983,-26.90966949,6.8 ,-26.9 ,7 ,-27 
6.72537847,-26.72884005,6.7 ,-26.7 ,7 ,-27 
6.618965881,-26.5377661,6.6 ,-26.5 ,7 ,-27 
6.509249307,-26.33635047,6.5 ,-26.3 ,7 ,-26 
6.396176381,-26.12448733,6.4 ,-26.1 ,6 ,-26 
6.279695278,-25.90207736,6.3 ,-25.9 ,6 ,-26 
6.159753088,-25.66902121,6.2 ,-25.7 ,6 ,-26 
6.036297986,-25.42521524,6.0 ,-25.4 ,6 ,-25 
5.909277604,-25.17055795,5.9 ,-25.2 ,6 ,-25 
5.778638495,-24.90495,5.8 ,-24.9 ,6 ,-25 
5.644329912,-24.62828774,5.6 ,-24.6 ,6 ,-25 
5.506298409,-24.34046968,5.5 ,-24.3 ,6 ,-24 
5.364491617,-24.04139647,5.4 ,-24.0 ,5 ,-24 
5.21885771,-23.73096663,5.2 ,-23.7 ,5 ,-24 
4.993116219,-23.24380385,5.0 ,-23.2 ,5 ,-23 
4.678242733,-22.55355618,4.7 ,-22.6 ,5 ,-23 
4.514738084,-22.19076319,4.5 ,-22.2 ,5 ,-22 
4.350764709,-21.82451584,4.4 ,-21.8 ,4 ,-22 
4.032178019,-21.10692283,4.0 ,-21.1 ,4 ,-21 
3.725797716,-20.40913538,3.7 ,-20.4 ,4 ,-20 
3.431295291,-19.73108761,3.4 ,-19.7 ,3 ,-20 
3.148343045,-19.07271043,3.1 ,-19.1 ,3 ,-19 
2.876612198,-18.43393472,2.9 ,-18.4 ,3 ,-18 
2.615775051,-17.8146914,2.6 ,-17.8 ,3 ,-18 
2.365502827,-17.21491351,2.4 ,-17.2 ,2 ,-17 
2.125467285,-16.63453087,2.1 ,-16.6 ,2 ,-17 
1.895340727,-16.07347654,1.9 ,-16.1 ,2 ,-16 
1.568011301,-15.26798243,1.6 ,-15.3 ,2 ,-15 
1.163188731,-14.26099603,1.2 ,-14.3 ,1 ,-14 
0.792092242,-13.33008549,0.8 ,-13.3 ,1 ,-13 
0.452095856,-12.47470014,0.5 ,-12.5 ,0 ,-12 
0.140573626,-11.69429256,0.1 ,-11.7 ,0 ,-12 
-0.075961576,-11.15786047,-0.1 ,-11.2 ,0 ,-11 
-0.212787925,-10.82338442,-0.2 ,-10.8 ,0 ,-11 
-0.343972851,-10.5073432,-0.3 ,-10.5 ,0 ,-11 
-0.469844599,-10.20966933,-0.5 ,-10.2 ,0 ,-10 
-0.590731421,-9.930294243,-0.6 ,-9.9 ,-1 ,-10 
-0.706961588,-9.669148833,-0.7 ,-9.7 ,-1 ,-10 
-0.818863306,-9.426165079,-0.8 ,-9.4 ,-1 ,-9 
-0.926764848,-9.201273878,-0.9 ,-9.2 ,-1 ,-9 
-1.030994419,-8.994407208,-1.0 ,-9.0 ,-1 ,-9 
-1.106954409,-8.851043981,-1.1 ,-8.9 ,-1 ,-9 
-1.156617828,-8.761065474,-1.2 ,-8.8 ,-1 ,-9 
-1.205547974,-8.675554364,-1.2 ,-8.7 ,-1 ,-9 
-1.25378574,-8.594502014,-1.3 ,-8.6 ,-1 ,-9 
-1.301372292,-8.517900325,-1.3 ,-8.5 ,-1 ,-9 
-1.348348593,-8.445740119,-1.3 ,-8.4 ,-1 ,-8 
-1.394755536,-8.378012759,-1.4 ,-8.4 ,-1 ,-8 
-1.44063449,-8.314710687,-1.4 ,-8.3 ,-1 ,-8 
-1.486026079,-8.255824185,-1.5 ,-8.3 ,-1 ,-8 
-1.530971738,-8.201345154,-1.5 ,-8.2 ,-2 ,-8 
-1.575512227,-8.151265497,-1.6 ,-8.2 ,-2 ,-8 
-1.619688576,-8.105575497,-1.6 ,-8.1 ,-2 ,-8 
-1.66354195,-8.064267595,-1.7 ,-8.1 ,-2 ,-8 
-1.707113243,-8.027332613,-1.7 ,-8.0 ,-2 ,-8 
-1.750443756,-7.994762454,-1.8 ,-8.0 ,-2 ,-8 
-1.793574114,-7.966547939,-1.8 ,-8.0 ,-2 ,-8 
-1.83654575,-7.942681511,-1.8 ,-7.9 ,-2 ,-8 
-1.879399291,-7.923153452,-1.9 ,-7.9 ,-2 ,-8 
-1.92217617,-7.907955664,-1.9 ,-7.9 ,-2 ,-8 
-1.964917149,-7.897079509,-2.0 ,-7.9 ,-2 ,-8 
-2.007663391,-7.890516889,-2.0 ,-7.9 ,-2 ,-8 
-2.050455791,-7.888258627,-2.1 ,-7.9 ,-2 ,-8 
-2.093335515,-7.890296084,-2.1 ,-7.9 ,-2 ,-8 
-2.136343593,-7.896621702,-2.1 ,-7.9 ,-2 ,-8 
-2.179520919,-7.907225764,-2.2 ,-7.9 ,-2 ,-8 
-2.222908657,-7.922099632,-2.2 ,-7.9 ,-2 ,-8 
-2.266547839,-7.941235748,-2.3 ,-7.9 ,-2 ,-8 
-2.310479358,-7.964624934,-2.3 ,-8.0 ,-2 ,-8 
-2.354744381,-7.992258552,-2.4 ,-8.0 ,-2 ,-8 
-2.399383935,-8.024127964,-2.4 ,-8.0 ,-2 ,-8 
-2.444438917,-8.060225073,-2.4 ,-8.1 ,-2 ,-8 
-2.489950492,-8.10054124,-2.5 ,-8.1 ,-2 ,-8 
-2.535959823,-8.145067287,-2.5 ,-8.1 ,-3 ,-8 
-2.582507402,-8.193795118,-2.6 ,-8.2 ,-3 ,-8 
-2.629634798,-8.246716093,-2.6 ,-8.2 ,-3 ,-8 
-2.67738304,-8.303821575,-2.7 ,-8.3 ,-3 ,-8 
-2.725792889,-8.365102927,-2.7 ,-8.4 ,-3 ,-8 
-2.774905374,-8.430551509,-2.8 ,-8.4 ,-3 ,-8 
-2.824761796,-8.500159225,-2.8 ,-8.5 ,-3 ,-9 
-2.875402914,-8.573917436,-2.9 ,-8.6 ,-3 ,-9 
-2.926869758,-8.651816965,-2.9 ,-8.7 ,-3 ,-9 
-2.979203628,-8.733849173,-3.0 ,-8.7 ,-3 ,-9 
-3.059419455,-8.864629187,-3.1 ,-8.9 ,-3 ,-9 
-3.169790887,-9.053388187,-3.2 ,-9.1 ,-3 ,-9 
-3.284368421,-9.258525125,-3.3 ,-9.3 ,-3 ,-9 
-3.403480296,-9.479971435,-3.4 ,-9.5 ,-3 ,-9 
-3.52745448,-9.717658557,-3.5 ,-9.7 ,-4 ,-10 
-3.656619483,-9.971518466,-3.7 ,-10.0 ,-4 ,-10 
-3.791303273,-10.24148152,-3.8 ,-10.2 ,-4 ,-10 
-3.931834629,-10.52748023,-3.9 ,-10.5 ,-4 ,-11 
-4.154313165,-10.9863934,-4.2 ,-11.0 ,-4 ,-11 
-4.645385923,-12.01106854,-4.6 ,-12.0 ,-5 ,-12 
-5.010483742,-12.77258923,-5.0 ,-12.8 ,-5 ,-13 
-5.106734158,-12.97187204,-5.1 ,-13.0 ,-5 ,-13 
-5.30468115,-13.37685522,-5.3 ,-13.4 ,-5 ,-13 
-5.509557872,-13.78972261,-5.5 ,-13.8 ,-6 ,-14 
-5.72096806,-14.20966766,-5.7 ,-14.2 ,-6 ,-14 
-5.938514374,-14.63588488,-5.9 ,-14.6 ,-6 ,-15 
-6.161800011,-15.06756879,-6.2 ,-15.1 ,-6 ,-15 
-6.390428168,-15.50391283,-6.4 ,-15.5 ,-6 ,-16 
-6.624002045,-15.94411151,-6.6 ,-15.9 ,-7 ,-16 
-6.862125379,-16.38735829,-6.9 ,-16.4 ,-7 ,-16 
-7.104400288,-16.83284767,-7.1 ,-16.8 ,-7 ,-17 
-7.350431049,-17.27977417,-7.4 ,-17.3 ,-7 ,-17 
-7.599819782,-17.72733016,-7.6 ,-17.7 ,-8 ,-18 
-7.852170223,-18.17471232,-7.9 ,-18.2 ,-8 ,-18 
-8.107085572,-18.62111299,-8.1 ,-18.6 ,-8 ,-19 
-8.364168485,-19.06572671,-8.4 ,-19.1 ,-8 ,-19 
-8.623022701,-19.50774799,-8.6 ,-19.5 ,-9 ,-20 
-8.883251417,-19.94636918,-8.9 ,-19.9 ,-9 ,-20 
-9.144457292,-20.38078698,-9.1 ,-20.4 ,-9 ,-20 
-9.406243524,-20.81019265,-9.4 ,-20.8 ,-9 ,-21 
-9.668213851,-21.23378287,-9.7 ,-21.2 ,-10 ,-21 
-9.92997147,-21.65075002,-9.9 ,-21.7 ,-10 ,-22 
-10.19111796,-22.06028859,-10.2 ,-22.1 ,-10 ,-22 
-10.45125922,-22.46159312,-10.5 ,-22.5 ,-10 ,-22 
-10.70999574,-22.85385812,-10.7 ,-22.9 ,-11 ,-23 
-10.96693235,-23.23627595,-11.0 ,-23.2 ,-11 ,-23 
-11.2216717,-23.60804329,-11.2 ,-23.6 ,-11 ,-24 
-11.47381646,-23.96835034,-11.5 ,-24.0 ,-11 ,-24 
-11.72297035,-24.31639594,-11.7 ,-24.3 ,-12 ,-24 
-11.96873711,-24.65137028,-12.0 ,-24.7 ,-12 ,-25 
-12.15059986,-24.89353722,-12.2 ,-24.9 ,-12 ,-25 
-12.27057552,-25.05048079,-12.3 ,-25.1 ,-12 ,-25 
-12.38948224,-25.20370145,-12.4 ,-25.2 ,-12 ,-25 
-12.5072682,-25.35309985,-12.5 ,-25.4 ,-13 ,-25 
-12.62388589,-25.49857665,-12.6 ,-25.5 ,-13 ,-25 
-12.73928349,-25.64003253,-12.7 ,-25.6 ,-13 ,-26 
-12.85341347,-25.77736167,-12.9 ,-25.8 ,-13 ,-26 
-12.9662251,-25.91046905,-13.0 ,-25.9 ,-13 ,-26 
-13.07766871,-26.03924885,-13.1 ,-26.0 ,-13 ,-26 
-13.18769463,-26.16360391,-13.2 ,-26.2 ,-13 ,-26 
-13.29625426,-26.28343057,-13.3 ,-26.3 ,-13 ,-26 
-13.40329688,-26.39863165,-13.4 ,-26.4 ,-13 ,-26 
-13.5087728,-26.5091035,-13.5 ,-26.5 ,-14 ,-27 
-13.61263344,-26.61474894,-13.6 ,-26.6 ,-14 ,-27 
-13.71482805,-26.71546215,-13.7 ,-26.7 ,-14 ,-27 
-13.81530804,-26.81114597,-13.8 ,-26.8 ,-14 ,-27 
-13.91402375,-26.90169674,-13.9 ,-26.9 ,-14 ,-27 
-14.01092551,-26.98701727,-14.0 ,-27.0 ,-14 ,-27 
-14.10596257,-27.06700609,-14.1 ,-27.1 ,-14 ,-27 
-14.19908634,-27.14155952,-14.2 ,-27.1 ,-14 ,-27 
-14.29024715,-27.2105804,-14.3 ,-27.2 ,-14 ,-27 
-14.37939535,-27.27396508,-14.4 ,-27.3 ,-14 ,-27 
-14.46648125,-27.3316142,-14.5 ,-27.3 ,-14 ,-27 
-14.55145519,-27.38342845,-14.6 ,-27.4 ,-15 ,-27 
-14.63426751,-27.42930417,-14.6 ,-27.4 ,-15 ,-27 
-14.71486961,-27.46914417,-14.7 ,-27.5 ,-15 ,-27 
-14.79321075,-27.50284265,-14.8 ,-27.5 ,-15 ,-28 
-14.86924126,-27.53030459,-14.9 ,-27.5 ,-15 ,-28 
-14.92471796,-27.54674461,-14.9 ,-27.5 ,-15 ,-28 
-14.96095489,-27.55570208,-15.0 ,-27.6 ,-15 ,-28 
-14.9965861,-27.56304427,-15.0 ,-27.6 ,-15 ,-28 
-15.03160617,-27.56875606,-15.0 ,-27.6 ,-15 ,-28 
-15.06600756,-27.57282665,-15.1 ,-27.6 ,-15 ,-28 
-15.09978486,-27.57524526,-15.1 ,-27.6 ,-15 ,-28 
-15.13293268,-27.57599459,-15.1 ,-27.6 ,-15 ,-28 
-15.16544345,-27.57506386,-15.2 ,-27.6 ,-15 ,-28 
-15.19731178,-27.57244227,-15.2 ,-27.6 ,-15 ,-28 
-15.2285312,-27.56811686,-15.2 ,-27.6 ,-15 ,-28 
-15.25909629,-27.56207251,-15.3 ,-27.6 ,-15 ,-28 
-15.28899951,-27.55429843,-15.3 ,-27.6 ,-15 ,-28 
-15.31823437,-27.54478382,-15.3 ,-27.5 ,-15 ,-28 
-15.34679656,-27.5335114,-15.3 ,-27.5 ,-15 ,-28 
-15.37467852,-27.52047254,-15.4 ,-27.5 ,-15 ,-28 
-15.40187484,-27.50565428,-15.4 ,-27.5 ,-15 ,-28 
-15.42837798,-27.48904366,-15.4 ,-27.5 ,-15 ,-27 
-15.45418361,-27.47062556,-15.5 ,-27.5 ,-15 ,-27 
-15.47928417,-27.45039136,-15.5 ,-27.5 ,-15 ,-27 
-15.50367319,-27.42832593,-15.5 ,-27.4 ,-16 ,-27 
-15.52734635,-27.40441847,-15.5 ,-27.4 ,-16 ,-27 
-15.550295,-27.37865387,-15.6 ,-27.4 ,-16 ,-27 
-15.57251484,-27.35102133,-15.6 ,-27.4 ,-16 ,-27 
-15.59399937,-27.3215079,-15.6 ,-27.3 ,-16 ,-27 
-15.61474105,-27.29010061,-15.6 ,-27.3 ,-16 ,-27 
-15.63473556,-27.25678652,-15.6 ,-27.3 ,-16 ,-27 
-15.65397533,-27.22155481,-15.7 ,-27.2 ,-16 ,-27 
-15.67245496,-27.18439255,-15.7 ,-27.2 ,-16 ,-27 
-15.69016691,-27.1452846,-15.7 ,-27.1 ,-16 ,-27 
-15.70710685,-27.10422018,-15.7 ,-27.1 ,-16 ,-27 
-15.7232683,-27.06118848,-15.7 ,-27.1 ,-16 ,-27 
-15.7386437,-27.0161744,-15.7 ,-27.0 ,-16 ,-27 
-15.76022002,-26.94490983,-15.8 ,-26.9 ,-16 ,-27 
-15.78618329,-26.84283615,-15.8 ,-26.8 ,-16 ,-27 
-15.80889332,-26.73261048,-15.8 ,-26.7 ,-16 ,-27 
-15.82830153,-26.61412917,-15.8 ,-26.6 ,-16 ,-27 
-15.84435717,-26.48729504,-15.8 ,-26.5 ,-16 ,-26 
-15.85701164,-26.35200444,-15.9 ,-26.4 ,-16 ,-26 
-15.86621529,-26.20815803,-15.9 ,-26.2 ,-16 ,-26 
-15.87191736,-26.05565216,-15.9 ,-26.1 ,-16 ,-26 
-15.87406927,-25.89439181,-15.9 ,-25.9 ,-16 ,-26 
-15.87262135,-25.72427117,-15.9 ,-25.7 ,-16 ,-26 
-15.86752393,-25.5451909,-15.9 ,-25.5 ,-16 ,-26 
-15.85872626,-25.35705167,-15.9 ,-25.4 ,-16 ,-25 
-15.84618084,-25.15975198,-15.8 ,-25.2 ,-16 ,-25 
-15.82983691,-24.95319033,-15.8 ,-25.0 ,-16 ,-25 
-15.80964482,-24.73726524,-15.8 ,-24.7 ,-16 ,-25 
-15.78555488,-24.51187736,-15.8 ,-24.5 ,-16 ,-25 
-15.75751744,-24.27692736,-15.8 ,-24.3 ,-16 ,-24 
-15.72548391,-24.03231159,-15.7 ,-24.0 ,-16 ,-24 
-15.68940354,-23.77793287,-15.7 ,-23.8 ,-16 ,-24 
-15.64922774,-23.51368539,-15.6 ,-23.5 ,-16 ,-24 
-15.60490576,-23.23947196,-15.6 ,-23.2 ,-16 ,-23 
-15.55638794,-22.95519326,-15.6 ,-23.0 ,-16 ,-23 
-15.50362568,-22.66074348,-15.5 ,-22.7 ,-16 ,-23 
-15.44656933,-22.35602758,-15.4 ,-22.4 ,-15 ,-22 
-15.38516921,-22.04093977,-15.4 ,-22.0 ,-15 ,-22 
-15.31937457,-21.71538286,-15.3 ,-21.7 ,-15 ,-22 
-15.28481417,-21.54864584,-15.3 ,-21.5 ,-15 ,-22 
-15.21465878,-21.21508081,-15.2 ,-21.2 ,-15 ,-21 
-15.07484194,-20.56318203,-15.1 ,-20.6 ,-15 ,-21 
-14.93571721,-19.93131122,-14.9 ,-19.9 ,-15 ,-20 
-14.79732993,-19.31912611,-14.8 ,-19.3 ,-15 ,-19 
-14.65972438,-18.72628767,-14.7 ,-18.7 ,-15 ,-19 
-14.52294483,-18.15245361,-14.5 ,-18.2 ,-15 ,-18 
-14.38703446,-17.59728491,-14.4 ,-17.6 ,-14 ,-18 
-14.25203755,-17.06044144,-14.3 ,-17.1 ,-14 ,-17 
-14.11799836,-16.54158093,-14.1 ,-16.5 ,-14 ,-17 
-13.98496116,-16.04036327,-14.0 ,-16.0 ,-14 ,-16 
-13.85296915,-15.55644942,-13.9 ,-15.6 ,-14 ,-16 
-13.72206874,-15.08949709,-13.7 ,-15.1 ,-14 ,-15 
-13.59230098,-14.63916727,-13.6 ,-14.6 ,-14 ,-15 
-13.46371228,-14.20511766,-13.5 ,-14.2 ,-13 ,-14 
-13.33634585,-13.78701032,-13.3 ,-13.8 ,-13 ,-14 
-13.21024594,-13.38450297,-13.2 ,-13.4 ,-13 ,-13 
-13.08545575,-12.99725549,-13.1 ,-13.0 ,-13 ,-13 
-12.96202062,-12.62492669,-13.0 ,-12.6 ,-13 ,-13 
-12.83998483,-12.26717753,-12.8 ,-12.3 ,-13 ,-12 
-12.71939156,-11.92366627,-12.7 ,-11.9 ,-13 ,-12 
-12.600284,-11.59405335,-12.6 ,-11.6 ,-13 ,-12 
-12.48270859,-11.27799755,-12.5 ,-11.3 ,-12 ,-11 
-12.3667085,-10.97515823,-12.4 ,-11.0 ,-12 ,-11 
-12.25232694,-10.68519582,-12.3 ,-10.7 ,-12 ,-11 
-12.13960925,-10.40776911,-12.1 ,-10.4 ,-12 ,-10 
-12.02859754,-10.14253799,-12.0 ,-10.1 ,-12 ,-10 
-11.91933823,-9.889161257,-11.9 ,-9.9 ,-12 ,-10 
-11.81187452,-9.647299347,-11.8 ,-9.6 ,-12 ,-10 
-11.70625067,-9.416611057,-11.7 ,-9.4 ,-12 ,-9 
-11.60250989,-9.196756274,-11.6 ,-9.2 ,-12 ,-9 
-11.5006975,-8.987394339,-11.5 ,-9.0 ,-12 ,-9 
-11.40085671,-8.788185139,-11.4 ,-8.8 ,-11 ,-9 
-11.30303178,-8.598787476,-11.3 ,-8.6 ,-11 ,-9 
-11.20726806,-8.418861235,-11.2 ,-8.4 ,-11 ,-8 
-11.11360766,-8.24806576,-11.1 ,-8.2 ,-11 ,-8 
-11.02209485,-8.086060935,-11.0 ,-8.1 ,-11 ,-8 
-10.93277498,-7.932506103,-10.9 ,-7.9 ,-11 ,-8 
-10.84569232,-7.78706034,-10.8 ,-7.8 ,-11 ,-8 
-10.76088898,-7.649383798,-10.8 ,-7.6 ,-11 ,-8 
-10.67841138,-7.519135553,-10.7 ,-7.5 ,-11 ,-8 
-10.59830164,-7.395974948,-10.6 ,-7.4 ,-11 ,-7 
-10.5206051,-7.279562137,-10.5 ,-7.3 ,-11 ,-7 
-10.40868101,-7.116849007,-10.4 ,-7.1 ,-10 ,-7 
-10.26830594,-6.920336441,-10.3 ,-6.9 ,-10 ,-7 
-10.13837514,-6.744684594,-10.1 ,-6.7 ,-10 ,-7 
-9.96383515,-6.514361525,-10.0 ,-6.5 ,-10 ,-7 
-9.814781187,-6.315652781,-9.8 ,-6.3 ,-10 ,-6 
-9.750182895,-6.225280711,-9.8 ,-6.2 ,-10 ,-6 
-9.710895714,-6.167578946,-9.7 ,-6.2 ,-10 ,-6 
-9.674683614,-6.111517296,-9.7 ,-6.1 ,-10 ,-6 
-9.641589784,-6.056755106,-9.6 ,-6.1 ,-10 ,-6 
-9.611657413,-6.002951718,-9.6 ,-6.0 ,-10 ,-6 
-9.584931851,-5.949767018,-9.6 ,-5.9 ,-10 ,-6 
-9.561457366,-5.89686008,-9.6 ,-5.9 ,-10 ,-6 
-9.541278228,-5.843890516,-9.5 ,-5.8 ,-10 ,-6 
-9.524436546,-5.790518213,-9.5 ,-5.8 ,-10 ,-6 
-9.510978748,-5.736401972,-9.5 ,-5.7 ,-10 ,-6 
-9.505531609,-5.708958754,-9.5 ,-5.7 ,-10 ,-6 
-9.505531609,-1.213910888,-9.5 ,-1.2 ,-10 ,-1 
